TraceName,CAT,TracePath0,TracePath1,TracePath2,TracePath3
AIML-mix0,AIML,/mnt/galactica/rahbera/tracezoo/champsim/ml/clip_trace_3.champsimtrace.gz,/mnt/galactica/rahbera/tracezoo/champsim/ml/stable-diffusion.cpp-v1-5-pruned-emaonly.3.champsimtrace.gz,/mnt/galactica/rahbera/tracezoo/champsim/ml/llama2.c-llama2_7b.11.champsimtrace.gz,/mnt/galactica/rahbera/tracezoo/champsim/ml/rwkv_trace_6.champsimtrace.gz
AIML-mix1,AIML,/mnt/galactica/rahbera/tracezoo/champsim/ml/llama2.c-stories42M.2.champsimtrace.gz,/mnt/galactica/rahbera/tracezoo/champsim/ml/stable-diffusion.cpp-sd-v1-4.ckpt.5.champsimtrace.gz,/mnt/galactica/rahbera/tracezoo/champsim/ml/stable-diffusion.cpp-v2-1_768-nonema-pruned.4.champsimtrace.gz,/mnt/galactica/rahbera/tracezoo/champsim/ml/biogpt.cpp-ggml-model-tocilizumab.5.champsimtrace.gz
AIML-mix2,AIML,/mnt/galactica/rahbera/tracezoo/champsim/ml/vit.cpp-large-ggml-model-f16.gguf.armadillo.1.champsimtrace.gz,/mnt/galactica/rahbera/tracezoo/champsim/ml/biogpt.cpp-ggml-model-tocilizumab.6.champsimtrace.gz,/mnt/galactica/rahbera/tracezoo/champsim/ml/biogpt.cpp-ggml-model-tocilizumab.1.champsimtrace.gz,/mnt/galactica/rahbera/tracezoo/champsim/ml/stable-diffusion.cpp-v1-5-pruned-emaonly.3.champsimtrace.gz
AIML-mix3,AIML,/mnt/galactica/rahbera/tracezoo/champsim/ml/llama2.c-llama2_7b.6.champsimtrace.gz,/mnt/galactica/rahbera/tracezoo/champsim/ml/bark.cpp-bark-small.semantic_token_gen.2.champsimtrace.gz,/mnt/galactica/rahbera/tracezoo/champsim/ml/llama2.c-llama2_7b.15.champsimtrace.gz,/mnt/galactica/rahbera/tracezoo/champsim/ml/llama2.c-stories15M.3.champsimtrace.gz
AIML-mix4,AIML,/mnt/galactica/rahbera/tracezoo/champsim/ml/llama2.c-llama2_7b.2.champsimtrace.gz,/mnt/galactica/rahbera/tracezoo/champsim/ml/llama2.c-stories110M.3.champsimtrace.gz,/mnt/galactica/rahbera/tracezoo/champsim/ml/llama2.c-llama2_7b.15.champsimtrace.gz,/mnt/galactica/rahbera/tracezoo/champsim/ml/llama2.c-llama2_7b.11.champsimtrace.gz
AIML-mix5,AIML,/mnt/galactica/rahbera/tracezoo/champsim/ml/clip_trace_3.champsimtrace.gz,/mnt/galactica/rahbera/tracezoo/champsim/ml/llama2.c-llama2_7b.13.champsimtrace.gz,/mnt/galactica/rahbera/tracezoo/champsim/ml/llama2.c-stories42M.2.champsimtrace.gz,/mnt/galactica/rahbera/tracezoo/champsim/ml/rwkv_trace_3.champsimtrace.gz
AIML-mix6,AIML,/mnt/galactica/rahbera/tracezoo/champsim/ml/stable-diffusion.cpp-sd-v1-4.ckpt.2.champsimtrace.gz,/mnt/galactica/rahbera/tracezoo/champsim/ml/llama2.c-llama2_7b.15.champsimtrace.gz,/mnt/galactica/rahbera/tracezoo/champsim/ml/stable-diffusion.cpp-sd-v1-4.ckpt.1.champsimtrace.gz,/mnt/galactica/rahbera/tracezoo/champsim/ml/stable-diffusion.cpp-v1-5-pruned-emaonly.4.champsimtrace.gz
AIML-mix7,AIML,/mnt/galactica/rahbera/tracezoo/champsim/ml/vit.cpp-large-ggml-model-f16.gguf.armadillo.4.champsimtrace.gz,/mnt/galactica/rahbera/tracezoo/champsim/ml/llama2.c-llama2_7b.8.champsimtrace.gz,/mnt/galactica/rahbera/tracezoo/champsim/ml/rwkv_trace_4.champsimtrace.gz,/mnt/galactica/rahbera/tracezoo/champsim/ml/clip_trace_5.champsimtrace.gz
AIML-mix8,AIML,/mnt/galactica/rahbera/tracezoo/champsim/ml/biogpt.cpp-ggml-model-tocilizumab.6.champsimtrace.gz,/mnt/galactica/rahbera/tracezoo/champsim/ml/llama2.c-llama2_7b.12.champsimtrace.gz,/mnt/galactica/rahbera/tracezoo/champsim/ml/bark.cpp-bark-small.coarse_token_gen.1.champsimtrace.gz,/mnt/galactica/rahbera/tracezoo/champsim/ml/whisper_trace_6.champsimtrace.gz
AIML-mix9,AIML,/mnt/galactica/rahbera/tracezoo/champsim/ml/rwkv_trace_6.champsimtrace.gz,/mnt/galactica/rahbera/tracezoo/champsim/ml/clip_trace_3.champsimtrace.gz,/mnt/galactica/rahbera/tracezoo/champsim/ml/whisper_trace_1.champsimtrace.gz,/mnt/galactica/rahbera/tracezoo/champsim/ml/clip_trace_5.champsimtrace.gz
AIML-mix10,AIML,/mnt/galactica/rahbera/tracezoo/champsim/ml/llama2.c-llama2_7b.13.champsimtrace.gz,/mnt/galactica/rahbera/tracezoo/champsim/ml/llama2.c-llama2_7b.10.champsimtrace.gz,/mnt/galactica/rahbera/tracezoo/champsim/ml/bark.cpp-bark-small.coarse_token_gen.4.champsimtrace.gz,/mnt/galactica/rahbera/tracezoo/champsim/ml/llama2.c-llama2_7b.3.champsimtrace.gz
AIML-mix11,AIML,/mnt/galactica/rahbera/tracezoo/champsim/ml/stable-diffusion.cpp-v1-5-pruned-emaonly.2.champsimtrace.gz,/mnt/galactica/rahbera/tracezoo/champsim/ml/rwkv_trace_5.champsimtrace.gz,/mnt/galactica/rahbera/tracezoo/champsim/ml/clip_trace_1.champsimtrace.gz,/mnt/galactica/rahbera/tracezoo/champsim/ml/whisper_trace_8.champsimtrace.gz
AIML-mix12,AIML,/mnt/galactica/rahbera/tracezoo/champsim/ml/vit.cpp-large-ggml-model-f16.gguf.armadillo.3.champsimtrace.gz,/mnt/galactica/rahbera/tracezoo/champsim/ml/bark.cpp-bark-small.semantic_token_gen.2.champsimtrace.gz,/mnt/galactica/rahbera/tracezoo/champsim/ml/whisper_trace_6.champsimtrace.gz,/mnt/galactica/rahbera/tracezoo/champsim/ml/llama2.c-llama2_7b.4.champsimtrace.gz
AIML-mix13,AIML,/mnt/galactica/rahbera/tracezoo/champsim/ml/whisper_trace_8.champsimtrace.gz,/mnt/galactica/rahbera/tracezoo/champsim/ml/stable-diffusion.cpp-v2-1_768-nonema-pruned.4.champsimtrace.gz,/mnt/galactica/rahbera/tracezoo/champsim/ml/llama2.c-stories110M.1.champsimtrace.gz,/mnt/galactica/rahbera/tracezoo/champsim/ml/whisper_trace_4.champsimtrace.gz
AIML-mix14,AIML,/mnt/galactica/rahbera/tracezoo/champsim/ml/llama2.c-stories42M.1.champsimtrace.gz,/mnt/galactica/rahbera/tracezoo/champsim/ml/vit.cpp-base-ggml-model-f16.gguf.armadillo.2.champsimtrace.gz,/mnt/galactica/rahbera/tracezoo/champsim/ml/vit.cpp-large-ggml-model-f16.gguf.armadillo.2.champsimtrace.gz,/mnt/galactica/rahbera/tracezoo/champsim/ml/rwkv_trace_2.champsimtrace.gz
AIML-mix15,AIML,/mnt/galactica/rahbera/tracezoo/champsim/ml/stable-diffusion.cpp-v2-1_768-nonema-pruned.1.champsimtrace.gz,/mnt/galactica/rahbera/tracezoo/champsim/ml/stable-diffusion.cpp-sd-v1-4.ckpt.1.champsimtrace.gz,/mnt/galactica/rahbera/tracezoo/champsim/ml/bark.cpp-bark-small.semantic_token_gen.3.champsimtrace.gz,/mnt/galactica/rahbera/tracezoo/champsim/ml/biogpt.cpp-ggml-model-tocilizumab.3.champsimtrace.gz
AIML-mix16,AIML,/mnt/galactica/rahbera/tracezoo/champsim/ml/llama2.c-stories110M.2.champsimtrace.gz,/mnt/galactica/rahbera/tracezoo/champsim/ml/stable-diffusion.cpp-sd-v1-4.ckpt.5.champsimtrace.gz,/mnt/galactica/rahbera/tracezoo/champsim/ml/llama2.c-llama2_7b.5.champsimtrace.gz,/mnt/galactica/rahbera/tracezoo/champsim/ml/llama2.c-llama2_7b.3.champsimtrace.gz
AIML-mix17,AIML,/mnt/galactica/rahbera/tracezoo/champsim/ml/stable-diffusion.cpp-sd-v1-4.ckpt.5.champsimtrace.gz,/mnt/galactica/rahbera/tracezoo/champsim/ml/stable-diffusion.cpp-v2-1_768-nonema-pruned.5.champsimtrace.gz,/mnt/galactica/rahbera/tracezoo/champsim/ml/stable-diffusion.cpp-v2-1_768-nonema-pruned.3.champsimtrace.gz,/mnt/galactica/rahbera/tracezoo/champsim/ml/whisper_trace_3.champsimtrace.gz
AIML-mix18,AIML,/mnt/galactica/rahbera/tracezoo/champsim/ml/llama2.c-llama2_7b.5.champsimtrace.gz,/mnt/galactica/rahbera/tracezoo/champsim/ml/clip_trace_3.champsimtrace.gz,/mnt/galactica/rahbera/tracezoo/champsim/ml/bark.cpp-bark-small.semantic_token_gen.3.champsimtrace.gz,/mnt/galactica/rahbera/tracezoo/champsim/ml/whisper_trace_3.champsimtrace.gz
AIML-mix19,AIML,/mnt/galactica/rahbera/tracezoo/champsim/ml/llama2.c-stories15M.2.champsimtrace.gz,/mnt/galactica/rahbera/tracezoo/champsim/ml/llama2.c-llama2_7b.10.champsimtrace.gz,/mnt/galactica/rahbera/tracezoo/champsim/ml/bark.cpp-bark-small.semantic_token_gen.2.champsimtrace.gz,/mnt/galactica/rahbera/tracezoo/champsim/ml/llama2.c-llama2_7b.8.champsimtrace.gz
AIML-mix20,AIML,/mnt/galactica/rahbera/tracezoo/champsim/ml/biogpt.cpp-ggml-model-tocilizumab.6.champsimtrace.gz,/mnt/galactica/rahbera/tracezoo/champsim/ml/bark.cpp-bark-small.semantic_token_gen.2.champsimtrace.gz,/mnt/galactica/rahbera/tracezoo/champsim/ml/whisper_trace_5.champsimtrace.gz,/mnt/galactica/rahbera/tracezoo/champsim/ml/llama2.c-llama2_7b.1.champsimtrace.gz
AIML-mix21,AIML,/mnt/galactica/rahbera/tracezoo/champsim/ml/llama2.c-stories110M.3.champsimtrace.gz,/mnt/galactica/rahbera/tracezoo/champsim/ml/vit.cpp-base-ggml-model-f16.gguf.armadillo.2.champsimtrace.gz,/mnt/galactica/rahbera/tracezoo/champsim/ml/whisper_trace_8.champsimtrace.gz,/mnt/galactica/rahbera/tracezoo/champsim/ml/llama2.c-llama2_7b.16.champsimtrace.gz
AIML-mix22,AIML,/mnt/galactica/rahbera/tracezoo/champsim/ml/whisper_trace_1.champsimtrace.gz,/mnt/galactica/rahbera/tracezoo/champsim/ml/llama2.c-stories42M.3.champsimtrace.gz,/mnt/galactica/rahbera/tracezoo/champsim/ml/llama2.c-stories15M.3.champsimtrace.gz,/mnt/galactica/rahbera/tracezoo/champsim/ml/stable-diffusion.cpp-v1-5-pruned-emaonly.3.champsimtrace.gz
AIML-mix23,AIML,/mnt/galactica/rahbera/tracezoo/champsim/ml/bark.cpp-bark-small.coarse_token_gen.2.champsimtrace.gz,/mnt/galactica/rahbera/tracezoo/champsim/ml/biogpt.cpp-ggml-model-tocilizumab.5.champsimtrace.gz,/mnt/galactica/rahbera/tracezoo/champsim/ml/stable-diffusion.cpp-v1-5-pruned-emaonly.5.champsimtrace.gz,/mnt/galactica/rahbera/tracezoo/champsim/ml/llama2.c-llama2_7b.13.champsimtrace.gz
AIML-mix24,AIML,/mnt/galactica/rahbera/tracezoo/champsim/ml/vit.cpp-base-ggml-model-f16.gguf.armadillo.2.champsimtrace.gz,/mnt/galactica/rahbera/tracezoo/champsim/ml/biogpt.cpp-ggml-model-tocilizumab.6.champsimtrace.gz,/mnt/galactica/rahbera/tracezoo/champsim/ml/whisper_trace_5.champsimtrace.gz,/mnt/galactica/rahbera/tracezoo/champsim/ml/llama2.c-llama2_7b.15.champsimtrace.gz
AIML-mix25,AIML,/mnt/galactica/rahbera/tracezoo/champsim/ml/bark.cpp-bark-small.semantic_token_gen.1.champsimtrace.gz,/mnt/galactica/rahbera/tracezoo/champsim/ml/rwkv_trace_5.champsimtrace.gz,/mnt/galactica/rahbera/tracezoo/champsim/ml/biogpt.cpp-ggml-model-tocilizumab.4.champsimtrace.gz,/mnt/galactica/rahbera/tracezoo/champsim/ml/stable-diffusion.cpp-sd-v1-4.ckpt.1.champsimtrace.gz
AIML-mix26,AIML,/mnt/galactica/rahbera/tracezoo/champsim/ml/clip_trace_4.champsimtrace.gz,/mnt/galactica/rahbera/tracezoo/champsim/ml/whisper_trace_8.champsimtrace.gz,/mnt/galactica/rahbera/tracezoo/champsim/ml/stable-diffusion.cpp-v2-1_768-nonema-pruned.1.champsimtrace.gz,/mnt/galactica/rahbera/tracezoo/champsim/ml/vit.cpp-large-ggml-model-f16.gguf.armadillo.2.champsimtrace.gz
AIML-mix27,AIML,/mnt/galactica/rahbera/tracezoo/champsim/ml/bark.cpp-bark-small.coarse_token_gen.5.champsimtrace.gz,/mnt/galactica/rahbera/tracezoo/champsim/ml/stable-diffusion.cpp-v1-5-pruned-emaonly.1.champsimtrace.gz,/mnt/galactica/rahbera/tracezoo/champsim/ml/clip_trace_5.champsimtrace.gz,/mnt/galactica/rahbera/tracezoo/champsim/ml/bark.cpp-bark-small.semantic_token_gen.2.champsimtrace.gz
AIML-mix28,AIML,/mnt/galactica/rahbera/tracezoo/champsim/ml/stable-diffusion.cpp-v1-5-pruned-emaonly.5.champsimtrace.gz,/mnt/galactica/rahbera/tracezoo/champsim/ml/bark.cpp-bark-small.semantic_token_gen.2.champsimtrace.gz,/mnt/galactica/rahbera/tracezoo/champsim/ml/llama2.c-llama2_7b.14.champsimtrace.gz,/mnt/galactica/rahbera/tracezoo/champsim/ml/llama2.c-llama2_7b.4.champsimtrace.gz
AIML-mix29,AIML,/mnt/galactica/rahbera/tracezoo/champsim/ml/clip_trace_5.champsimtrace.gz,/mnt/galactica/rahbera/tracezoo/champsim/ml/biogpt.cpp-ggml-model-tocilizumab.3.champsimtrace.gz,/mnt/galactica/rahbera/tracezoo/champsim/ml/bark.cpp-bark-small.coarse_token_gen.5.champsimtrace.gz,/mnt/galactica/rahbera/tracezoo/champsim/ml/clip_trace_2.champsimtrace.gz
AIML-mix30,AIML,/mnt/galactica/rahbera/tracezoo/champsim/ml/llama2.c-llama2_7b.16.champsimtrace.gz,/mnt/galactica/rahbera/tracezoo/champsim/ml/biogpt.cpp-ggml-model-tocilizumab.2.champsimtrace.gz,/mnt/galactica/rahbera/tracezoo/champsim/ml/biogpt.cpp-ggml-model-tocilizumab.6.champsimtrace.gz,/mnt/galactica/rahbera/tracezoo/champsim/ml/llama2.c-llama2_7b.5.champsimtrace.gz
AIML-mix31,AIML,/mnt/galactica/rahbera/tracezoo/champsim/ml/bark.cpp-bark-small.semantic_token_gen.4.champsimtrace.gz,/mnt/galactica/rahbera/tracezoo/champsim/ml/stable-diffusion.cpp-sd-v1-4.ckpt.1.champsimtrace.gz,/mnt/galactica/rahbera/tracezoo/champsim/ml/bark.cpp-bark-small.coarse_token_gen.5.champsimtrace.gz,/mnt/galactica/rahbera/tracezoo/champsim/ml/vit.cpp-large-ggml-model-f16.gguf.armadillo.2.champsimtrace.gz
AIML-mix32,AIML,/mnt/galactica/rahbera/tracezoo/champsim/ml/stable-diffusion.cpp-sd-v1-4.ckpt.4.champsimtrace.gz,/mnt/galactica/rahbera/tracezoo/champsim/ml/stable-diffusion.cpp-v1-5-pruned-emaonly.5.champsimtrace.gz,/mnt/galactica/rahbera/tracezoo/champsim/ml/stable-diffusion.cpp-v1-5-pruned-emaonly.2.champsimtrace.gz,/mnt/galactica/rahbera/tracezoo/champsim/ml/llama2.c-stories42M.1.champsimtrace.gz
AIML-mix33,AIML,/mnt/galactica/rahbera/tracezoo/champsim/ml/stable-diffusion.cpp-v1-5-pruned-emaonly.3.champsimtrace.gz,/mnt/galactica/rahbera/tracezoo/champsim/ml/vit.cpp-base-ggml-model-f16.gguf.armadillo.2.champsimtrace.gz,/mnt/galactica/rahbera/tracezoo/champsim/ml/llama2.c-llama2_7b.13.champsimtrace.gz,/mnt/galactica/rahbera/tracezoo/champsim/ml/whisper_trace_6.champsimtrace.gz
AIML-mix34,AIML,/mnt/galactica/rahbera/tracezoo/champsim/ml/whisper_trace_3.champsimtrace.gz,/mnt/galactica/rahbera/tracezoo/champsim/ml/llama2.c-llama2_7b.5.champsimtrace.gz,/mnt/galactica/rahbera/tracezoo/champsim/ml/stable-diffusion.cpp-sd-v1-4.ckpt.3.champsimtrace.gz,/mnt/galactica/rahbera/tracezoo/champsim/ml/clip_trace_3.champsimtrace.gz
AIML-mix35,AIML,/mnt/galactica/rahbera/tracezoo/champsim/ml/llama2.c-llama2_7b.15.champsimtrace.gz,/mnt/galactica/rahbera/tracezoo/champsim/ml/stable-diffusion.cpp-sd-v1-4.ckpt.2.champsimtrace.gz,/mnt/galactica/rahbera/tracezoo/champsim/ml/bark.cpp-bark-small.semantic_token_gen.5.champsimtrace.gz,/mnt/galactica/rahbera/tracezoo/champsim/ml/whisper_trace_5.champsimtrace.gz
AIML-mix36,AIML,/mnt/galactica/rahbera/tracezoo/champsim/ml/llama2.c-llama2_7b.7.champsimtrace.gz,/mnt/galactica/rahbera/tracezoo/champsim/ml/stable-diffusion.cpp-sd-v1-4.ckpt.1.champsimtrace.gz,/mnt/galactica/rahbera/tracezoo/champsim/ml/llama2.c-llama2_7b.6.champsimtrace.gz,/mnt/galactica/rahbera/tracezoo/champsim/ml/biogpt.cpp-ggml-model-tocilizumab.3.champsimtrace.gz
AIML-mix37,AIML,/mnt/galactica/rahbera/tracezoo/champsim/ml/llama2.c-llama2_7b.13.champsimtrace.gz,/mnt/galactica/rahbera/tracezoo/champsim/ml/llama2.c-llama2_7b.2.champsimtrace.gz,/mnt/galactica/rahbera/tracezoo/champsim/ml/bark.cpp-bark-small.semantic_token_gen.2.champsimtrace.gz,/mnt/galactica/rahbera/tracezoo/champsim/ml/rwkv_trace_5.champsimtrace.gz
AIML-mix38,AIML,/mnt/galactica/rahbera/tracezoo/champsim/ml/llama2.c-llama2_7b.7.champsimtrace.gz,/mnt/galactica/rahbera/tracezoo/champsim/ml/bark.cpp-bark-small.coarse_token_gen.1.champsimtrace.gz,/mnt/galactica/rahbera/tracezoo/champsim/ml/llama2.c-stories110M.2.champsimtrace.gz,/mnt/galactica/rahbera/tracezoo/champsim/ml/bark.cpp-bark-small.coarse_token_gen.5.champsimtrace.gz
AIML-mix39,AIML,/mnt/galactica/rahbera/tracezoo/champsim/ml/bark.cpp-bark-small.coarse_token_gen.4.champsimtrace.gz,/mnt/galactica/rahbera/tracezoo/champsim/ml/vit.cpp-large-ggml-model-f16.gguf.armadillo.4.champsimtrace.gz,/mnt/galactica/rahbera/tracezoo/champsim/ml/llama2.c-stories110M.1.champsimtrace.gz,/mnt/galactica/rahbera/tracezoo/champsim/ml/llama2.c-llama2_7b.2.champsimtrace.gz
AIML-mix40,AIML,/mnt/galactica/rahbera/tracezoo/champsim/ml/stable-diffusion.cpp-sd-v1-4.ckpt.1.champsimtrace.gz,/mnt/galactica/rahbera/tracezoo/champsim/ml/bark.cpp-bark-small.coarse_token_gen.2.champsimtrace.gz,/mnt/galactica/rahbera/tracezoo/champsim/ml/biogpt.cpp-ggml-model-tocilizumab.1.champsimtrace.gz,/mnt/galactica/rahbera/tracezoo/champsim/ml/llama2.c-llama2_7b.1.champsimtrace.gz
AIML-mix41,AIML,/mnt/galactica/rahbera/tracezoo/champsim/ml/llama2.c-stories110M.2.champsimtrace.gz,/mnt/galactica/rahbera/tracezoo/champsim/ml/bark.cpp-bark-small.coarse_token_gen.3.champsimtrace.gz,/mnt/galactica/rahbera/tracezoo/champsim/ml/biogpt.cpp-ggml-model-tocilizumab.2.champsimtrace.gz,/mnt/galactica/rahbera/tracezoo/champsim/ml/whisper_trace_3.champsimtrace.gz
AIML-mix42,AIML,/mnt/galactica/rahbera/tracezoo/champsim/ml/llama2.c-stories42M.3.champsimtrace.gz,/mnt/galactica/rahbera/tracezoo/champsim/ml/llama2.c-stories15M.2.champsimtrace.gz,/mnt/galactica/rahbera/tracezoo/champsim/ml/stable-diffusion.cpp-v1-5-pruned-emaonly.1.champsimtrace.gz,/mnt/galactica/rahbera/tracezoo/champsim/ml/bark.cpp-bark-small.coarse_token_gen.5.champsimtrace.gz
AIML-mix43,AIML,/mnt/galactica/rahbera/tracezoo/champsim/ml/llama2.c-llama2_7b.12.champsimtrace.gz,/mnt/galactica/rahbera/tracezoo/champsim/ml/biogpt.cpp-ggml-model-tocilizumab.1.champsimtrace.gz,/mnt/galactica/rahbera/tracezoo/champsim/ml/bark.cpp-bark-small.coarse_token_gen.3.champsimtrace.gz,/mnt/galactica/rahbera/tracezoo/champsim/ml/whisper_trace_8.champsimtrace.gz
AIML-mix44,AIML,/mnt/galactica/rahbera/tracezoo/champsim/ml/llama2.c-stories42M.3.champsimtrace.gz,/mnt/galactica/rahbera/tracezoo/champsim/ml/vit.cpp-large-ggml-model-f16.gguf.armadillo.3.champsimtrace.gz,/mnt/galactica/rahbera/tracezoo/champsim/ml/clip_trace_3.champsimtrace.gz,/mnt/galactica/rahbera/tracezoo/champsim/ml/clip_trace_5.champsimtrace.gz
AIML-mix45,AIML,/mnt/galactica/rahbera/tracezoo/champsim/ml/bark.cpp-bark-small.coarse_token_gen.1.champsimtrace.gz,/mnt/galactica/rahbera/tracezoo/champsim/ml/bark.cpp-bark-small.coarse_token_gen.2.champsimtrace.gz,/mnt/galactica/rahbera/tracezoo/champsim/ml/llama2.c-stories15M.1.champsimtrace.gz,/mnt/galactica/rahbera/tracezoo/champsim/ml/stable-diffusion.cpp-v2-1_768-nonema-pruned.4.champsimtrace.gz
AIML-mix46,AIML,/mnt/galactica/rahbera/tracezoo/champsim/ml/rwkv_trace_6.champsimtrace.gz,/mnt/galactica/rahbera/tracezoo/champsim/ml/llama2.c-llama2_7b.11.champsimtrace.gz,/mnt/galactica/rahbera/tracezoo/champsim/ml/rwkv_trace_4.champsimtrace.gz,/mnt/galactica/rahbera/tracezoo/champsim/ml/stable-diffusion.cpp-v1-5-pruned-emaonly.2.champsimtrace.gz
AIML-mix47,AIML,/mnt/galactica/rahbera/tracezoo/champsim/ml/llama2.c-llama2_7b.14.champsimtrace.gz,/mnt/galactica/rahbera/tracezoo/champsim/ml/llama2.c-llama2_7b.16.champsimtrace.gz,/mnt/galactica/rahbera/tracezoo/champsim/ml/clip_trace_5.champsimtrace.gz,/mnt/galactica/rahbera/tracezoo/champsim/ml/whisper_trace_5.champsimtrace.gz
AIML-mix48,AIML,/mnt/galactica/rahbera/tracezoo/champsim/ml/whisper_trace_2.champsimtrace.gz,/mnt/galactica/rahbera/tracezoo/champsim/ml/vit.cpp-large-ggml-model-f16.gguf.armadillo.3.champsimtrace.gz,/mnt/galactica/rahbera/tracezoo/champsim/ml/llama2.c-llama2_7b.7.champsimtrace.gz,/mnt/galactica/rahbera/tracezoo/champsim/ml/bark.cpp-bark-small.semantic_token_gen.5.champsimtrace.gz
AIML-mix49,AIML,/mnt/galactica/rahbera/tracezoo/champsim/ml/stable-diffusion.cpp-v1-5-pruned-emaonly.3.champsimtrace.gz,/mnt/galactica/rahbera/tracezoo/champsim/ml/clip_trace_2.champsimtrace.gz,/mnt/galactica/rahbera/tracezoo/champsim/ml/stable-diffusion.cpp-sd-v1-4.ckpt.5.champsimtrace.gz,/mnt/galactica/rahbera/tracezoo/champsim/ml/whisper_trace_3.champsimtrace.gz
AIML-mix50,AIML,/mnt/galactica/rahbera/tracezoo/champsim/ml/whisper_trace_3.champsimtrace.gz,/mnt/galactica/rahbera/tracezoo/champsim/ml/stable-diffusion.cpp-v2-1_768-nonema-pruned.4.champsimtrace.gz,/mnt/galactica/rahbera/tracezoo/champsim/ml/biogpt.cpp-ggml-model-tocilizumab.5.champsimtrace.gz,/mnt/galactica/rahbera/tracezoo/champsim/ml/llama2.c-stories110M.2.champsimtrace.gz
AIML-mix51,AIML,/mnt/galactica/rahbera/tracezoo/champsim/ml/clip_trace_1.champsimtrace.gz,/mnt/galactica/rahbera/tracezoo/champsim/ml/biogpt.cpp-ggml-model-tocilizumab.5.champsimtrace.gz,/mnt/galactica/rahbera/tracezoo/champsim/ml/whisper_trace_3.champsimtrace.gz,/mnt/galactica/rahbera/tracezoo/champsim/ml/whisper_trace_7.champsimtrace.gz
AIML-mix52,AIML,/mnt/galactica/rahbera/tracezoo/champsim/ml/llama2.c-llama2_7b.1.champsimtrace.gz,/mnt/galactica/rahbera/tracezoo/champsim/ml/bark.cpp-bark-small.semantic_token_gen.2.champsimtrace.gz,/mnt/galactica/rahbera/tracezoo/champsim/ml/rwkv_trace_6.champsimtrace.gz,/mnt/galactica/rahbera/tracezoo/champsim/ml/stable-diffusion.cpp-v1-5-pruned-emaonly.3.champsimtrace.gz
AIML-mix53,AIML,/mnt/galactica/rahbera/tracezoo/champsim/ml/stable-diffusion.cpp-sd-v1-4.ckpt.5.champsimtrace.gz,/mnt/galactica/rahbera/tracezoo/champsim/ml/llama2.c-stories42M.2.champsimtrace.gz,/mnt/galactica/rahbera/tracezoo/champsim/ml/biogpt.cpp-ggml-model-tocilizumab.2.champsimtrace.gz,/mnt/galactica/rahbera/tracezoo/champsim/ml/bark.cpp-bark-small.semantic_token_gen.4.champsimtrace.gz
AIML-mix54,AIML,/mnt/galactica/rahbera/tracezoo/champsim/ml/bark.cpp-bark-small.semantic_token_gen.1.champsimtrace.gz,/mnt/galactica/rahbera/tracezoo/champsim/ml/stable-diffusion.cpp-v1-5-pruned-emaonly.1.champsimtrace.gz,/mnt/galactica/rahbera/tracezoo/champsim/ml/stable-diffusion.cpp-sd-v1-4.ckpt.3.champsimtrace.gz,/mnt/galactica/rahbera/tracezoo/champsim/ml/bark.cpp-bark-small.coarse_token_gen.3.champsimtrace.gz
AIML-mix55,AIML,/mnt/galactica/rahbera/tracezoo/champsim/ml/whisper_trace_1.champsimtrace.gz,/mnt/galactica/rahbera/tracezoo/champsim/ml/clip_trace_4.champsimtrace.gz,/mnt/galactica/rahbera/tracezoo/champsim/ml/stable-diffusion.cpp-v2-1_768-nonema-pruned.1.champsimtrace.gz,/mnt/galactica/rahbera/tracezoo/champsim/ml/biogpt.cpp-ggml-model-tocilizumab.4.champsimtrace.gz
AIML-mix56,AIML,/mnt/galactica/rahbera/tracezoo/champsim/ml/biogpt.cpp-ggml-model-tocilizumab.2.champsimtrace.gz,/mnt/galactica/rahbera/tracezoo/champsim/ml/llama2.c-stories110M.1.champsimtrace.gz,/mnt/galactica/rahbera/tracezoo/champsim/ml/biogpt.cpp-ggml-model-tocilizumab.3.champsimtrace.gz,/mnt/galactica/rahbera/tracezoo/champsim/ml/vit.cpp-large-ggml-model-f16.gguf.armadillo.4.champsimtrace.gz
AIML-mix57,AIML,/mnt/galactica/rahbera/tracezoo/champsim/ml/whisper_trace_1.champsimtrace.gz,/mnt/galactica/rahbera/tracezoo/champsim/ml/clip_trace_3.champsimtrace.gz,/mnt/galactica/rahbera/tracezoo/champsim/ml/clip_trace_2.champsimtrace.gz,/mnt/galactica/rahbera/tracezoo/champsim/ml/vit.cpp-large-ggml-model-f16.gguf.armadillo.3.champsimtrace.gz
AIML-mix58,AIML,/mnt/galactica/rahbera/tracezoo/champsim/ml/whisper_trace_3.champsimtrace.gz,/mnt/galactica/rahbera/tracezoo/champsim/ml/clip_trace_3.champsimtrace.gz,/mnt/galactica/rahbera/tracezoo/champsim/ml/llama2.c-llama2_7b.10.champsimtrace.gz,/mnt/galactica/rahbera/tracezoo/champsim/ml/llama2.c-stories42M.3.champsimtrace.gz
AIML-mix59,AIML,/mnt/galactica/rahbera/tracezoo/champsim/ml/whisper_trace_1.champsimtrace.gz,/mnt/galactica/rahbera/tracezoo/champsim/ml/rwkv_trace_4.champsimtrace.gz,/mnt/galactica/rahbera/tracezoo/champsim/ml/biogpt.cpp-ggml-model-tocilizumab.4.champsimtrace.gz,/mnt/galactica/rahbera/tracezoo/champsim/ml/stable-diffusion.cpp-v2-1_768-nonema-pruned.2.champsimtrace.gz
AIML-mix60,AIML,/mnt/galactica/rahbera/tracezoo/champsim/ml/llama2.c-stories15M.2.champsimtrace.gz,/mnt/galactica/rahbera/tracezoo/champsim/ml/biogpt.cpp-ggml-model-tocilizumab.5.champsimtrace.gz,/mnt/galactica/rahbera/tracezoo/champsim/ml/stable-diffusion.cpp-v1-5-pruned-emaonly.5.champsimtrace.gz,/mnt/galactica/rahbera/tracezoo/champsim/ml/llama2.c-llama2_7b.9.champsimtrace.gz
AIML-mix61,AIML,/mnt/galactica/rahbera/tracezoo/champsim/ml/llama2.c-llama2_7b.2.champsimtrace.gz,/mnt/galactica/rahbera/tracezoo/champsim/ml/llama2.c-stories42M.2.champsimtrace.gz,/mnt/galactica/rahbera/tracezoo/champsim/ml/bark.cpp-bark-small.coarse_token_gen.5.champsimtrace.gz,/mnt/galactica/rahbera/tracezoo/champsim/ml/bark.cpp-bark-small.coarse_token_gen.2.champsimtrace.gz
AIML-mix62,AIML,/mnt/galactica/rahbera/tracezoo/champsim/ml/llama2.c-llama2_7b.1.champsimtrace.gz,/mnt/galactica/rahbera/tracezoo/champsim/ml/stable-diffusion.cpp-v2-1_768-nonema-pruned.4.champsimtrace.gz,/mnt/galactica/rahbera/tracezoo/champsim/ml/biogpt.cpp-ggml-model-tocilizumab.5.champsimtrace.gz,/mnt/galactica/rahbera/tracezoo/champsim/ml/vit.cpp-large-ggml-model-f16.gguf.armadillo.3.champsimtrace.gz
AIML-mix63,AIML,/mnt/galactica/rahbera/tracezoo/champsim/ml/biogpt.cpp-ggml-model-tocilizumab.2.champsimtrace.gz,/mnt/galactica/rahbera/tracezoo/champsim/ml/clip_trace_1.champsimtrace.gz,/mnt/galactica/rahbera/tracezoo/champsim/ml/stable-diffusion.cpp-v1-5-pruned-emaonly.5.champsimtrace.gz,/mnt/galactica/rahbera/tracezoo/champsim/ml/bark.cpp-bark-small.semantic_token_gen.2.champsimtrace.gz
AIML-mix64,AIML,/mnt/galactica/rahbera/tracezoo/champsim/ml/stable-diffusion.cpp-v2-1_768-nonema-pruned.1.champsimtrace.gz,/mnt/galactica/rahbera/tracezoo/champsim/ml/llama2.c-stories42M.2.champsimtrace.gz,/mnt/galactica/rahbera/tracezoo/champsim/ml/stable-diffusion.cpp-v2-1_768-nonema-pruned.5.champsimtrace.gz,/mnt/galactica/rahbera/tracezoo/champsim/ml/llama2.c-llama2_7b.15.champsimtrace.gz
AIML-mix65,AIML,/mnt/galactica/rahbera/tracezoo/champsim/ml/stable-diffusion.cpp-v2-1_768-nonema-pruned.3.champsimtrace.gz,/mnt/galactica/rahbera/tracezoo/champsim/ml/bark.cpp-bark-small.semantic_token_gen.2.champsimtrace.gz,/mnt/galactica/rahbera/tracezoo/champsim/ml/stable-diffusion.cpp-v2-1_768-nonema-pruned.4.champsimtrace.gz,/mnt/galactica/rahbera/tracezoo/champsim/ml/whisper_trace_4.champsimtrace.gz
AIML-mix66,AIML,/mnt/galactica/rahbera/tracezoo/champsim/ml/llama2.c-llama2_7b.5.champsimtrace.gz,/mnt/galactica/rahbera/tracezoo/champsim/ml/bark.cpp-bark-small.coarse_token_gen.4.champsimtrace.gz,/mnt/galactica/rahbera/tracezoo/champsim/ml/whisper_trace_6.champsimtrace.gz,/mnt/galactica/rahbera/tracezoo/champsim/ml/vit.cpp-base-ggml-model-f16.gguf.armadillo.2.champsimtrace.gz
AIML-mix67,AIML,/mnt/galactica/rahbera/tracezoo/champsim/ml/vit.cpp-base-ggml-model-f16.gguf.armadillo.2.champsimtrace.gz,/mnt/galactica/rahbera/tracezoo/champsim/ml/biogpt.cpp-ggml-model-tocilizumab.4.champsimtrace.gz,/mnt/galactica/rahbera/tracezoo/champsim/ml/llama2.c-llama2_7b.12.champsimtrace.gz,/mnt/galactica/rahbera/tracezoo/champsim/ml/bark.cpp-bark-small.semantic_token_gen.1.champsimtrace.gz
AIML-mix68,AIML,/mnt/galactica/rahbera/tracezoo/champsim/ml/whisper_trace_3.champsimtrace.gz,/mnt/galactica/rahbera/tracezoo/champsim/ml/llama2.c-llama2_7b.2.champsimtrace.gz,/mnt/galactica/rahbera/tracezoo/champsim/ml/stable-diffusion.cpp-v1-5-pruned-emaonly.4.champsimtrace.gz,/mnt/galactica/rahbera/tracezoo/champsim/ml/bark.cpp-bark-small.coarse_token_gen.2.champsimtrace.gz
AIML-mix69,AIML,/mnt/galactica/rahbera/tracezoo/champsim/ml/biogpt.cpp-ggml-model-tocilizumab.5.champsimtrace.gz,/mnt/galactica/rahbera/tracezoo/champsim/ml/llama2.c-llama2_7b.1.champsimtrace.gz,/mnt/galactica/rahbera/tracezoo/champsim/ml/rwkv_trace_2.champsimtrace.gz,/mnt/galactica/rahbera/tracezoo/champsim/ml/llama2.c-stories15M.2.champsimtrace.gz
AIML-mix70,AIML,/mnt/galactica/rahbera/tracezoo/champsim/ml/biogpt.cpp-ggml-model-tocilizumab.6.champsimtrace.gz,/mnt/galactica/rahbera/tracezoo/champsim/ml/llama2.c-stories110M.2.champsimtrace.gz,/mnt/galactica/rahbera/tracezoo/champsim/ml/biogpt.cpp-ggml-model-tocilizumab.4.champsimtrace.gz,/mnt/galactica/rahbera/tracezoo/champsim/ml/llama2.c-stories110M.3.champsimtrace.gz
AIML-mix71,AIML,/mnt/galactica/rahbera/tracezoo/champsim/ml/llama2.c-stories110M.3.champsimtrace.gz,/mnt/galactica/rahbera/tracezoo/champsim/ml/stable-diffusion.cpp-v1-5-pruned-emaonly.1.champsimtrace.gz,/mnt/galactica/rahbera/tracezoo/champsim/ml/whisper_trace_8.champsimtrace.gz,/mnt/galactica/rahbera/tracezoo/champsim/ml/llama2.c-llama2_7b.13.champsimtrace.gz
AIML-mix72,AIML,/mnt/galactica/rahbera/tracezoo/champsim/ml/llama2.c-stories15M.2.champsimtrace.gz,/mnt/galactica/rahbera/tracezoo/champsim/ml/biogpt.cpp-ggml-model-tocilizumab.2.champsimtrace.gz,/mnt/galactica/rahbera/tracezoo/champsim/ml/clip_trace_5.champsimtrace.gz,/mnt/galactica/rahbera/tracezoo/champsim/ml/llama2.c-stories42M.1.champsimtrace.gz
AIML-mix73,AIML,/mnt/galactica/rahbera/tracezoo/champsim/ml/whisper_trace_5.champsimtrace.gz,/mnt/galactica/rahbera/tracezoo/champsim/ml/whisper_trace_8.champsimtrace.gz,/mnt/galactica/rahbera/tracezoo/champsim/ml/clip_trace_4.champsimtrace.gz,/mnt/galactica/rahbera/tracezoo/champsim/ml/llama2.c-llama2_7b.13.champsimtrace.gz
AIML-mix74,AIML,/mnt/galactica/rahbera/tracezoo/champsim/ml/stable-diffusion.cpp-sd-v1-4.ckpt.4.champsimtrace.gz,/mnt/galactica/rahbera/tracezoo/champsim/ml/biogpt.cpp-ggml-model-tocilizumab.1.champsimtrace.gz,/mnt/galactica/rahbera/tracezoo/champsim/ml/biogpt.cpp-ggml-model-tocilizumab.2.champsimtrace.gz,/mnt/galactica/rahbera/tracezoo/champsim/ml/llama2.c-stories15M.1.champsimtrace.gz
AIML-mix75,AIML,/mnt/galactica/rahbera/tracezoo/champsim/ml/whisper_trace_6.champsimtrace.gz,/mnt/galactica/rahbera/tracezoo/champsim/ml/llama2.c-llama2_7b.15.champsimtrace.gz,/mnt/galactica/rahbera/tracezoo/champsim/ml/llama2.c-stories15M.1.champsimtrace.gz,/mnt/galactica/rahbera/tracezoo/champsim/ml/llama2.c-llama2_7b.7.champsimtrace.gz
AIML-mix76,AIML,/mnt/galactica/rahbera/tracezoo/champsim/ml/clip_trace_4.champsimtrace.gz,/mnt/galactica/rahbera/tracezoo/champsim/ml/biogpt.cpp-ggml-model-tocilizumab.5.champsimtrace.gz,/mnt/galactica/rahbera/tracezoo/champsim/ml/stable-diffusion.cpp-v1-5-pruned-emaonly.1.champsimtrace.gz,/mnt/galactica/rahbera/tracezoo/champsim/ml/bark.cpp-bark-small.coarse_token_gen.3.champsimtrace.gz
AIML-mix77,AIML,/mnt/galactica/rahbera/tracezoo/champsim/ml/llama2.c-llama2_7b.15.champsimtrace.gz,/mnt/galactica/rahbera/tracezoo/champsim/ml/vit.cpp-base-ggml-model-f16.gguf.armadillo.1.champsimtrace.gz,/mnt/galactica/rahbera/tracezoo/champsim/ml/clip_trace_5.champsimtrace.gz,/mnt/galactica/rahbera/tracezoo/champsim/ml/stable-diffusion.cpp-v1-5-pruned-emaonly.5.champsimtrace.gz
AIML-mix78,AIML,/mnt/galactica/rahbera/tracezoo/champsim/ml/whisper_trace_5.champsimtrace.gz,/mnt/galactica/rahbera/tracezoo/champsim/ml/bark.cpp-bark-small.semantic_token_gen.1.champsimtrace.gz,/mnt/galactica/rahbera/tracezoo/champsim/ml/vit.cpp-large-ggml-model-f16.gguf.armadillo.2.champsimtrace.gz,/mnt/galactica/rahbera/tracezoo/champsim/ml/stable-diffusion.cpp-v1-5-pruned-emaonly.1.champsimtrace.gz
AIML-mix79,AIML,/mnt/galactica/rahbera/tracezoo/champsim/ml/llama2.c-stories42M.2.champsimtrace.gz,/mnt/galactica/rahbera/tracezoo/champsim/ml/bark.cpp-bark-small.coarse_token_gen.1.champsimtrace.gz,/mnt/galactica/rahbera/tracezoo/champsim/ml/biogpt.cpp-ggml-model-tocilizumab.1.champsimtrace.gz,/mnt/galactica/rahbera/tracezoo/champsim/ml/stable-diffusion.cpp-v2-1_768-nonema-pruned.3.champsimtrace.gz
AIML-mix80,AIML,/mnt/galactica/rahbera/tracezoo/champsim/ml/bark.cpp-bark-small.semantic_token_gen.3.champsimtrace.gz,/mnt/galactica/rahbera/tracezoo/champsim/ml/stable-diffusion.cpp-sd-v1-4.ckpt.4.champsimtrace.gz,/mnt/galactica/rahbera/tracezoo/champsim/ml/rwkv_trace_4.champsimtrace.gz,/mnt/galactica/rahbera/tracezoo/champsim/ml/clip_trace_4.champsimtrace.gz
AIML-mix81,AIML,/mnt/galactica/rahbera/tracezoo/champsim/ml/llama2.c-llama2_7b.13.champsimtrace.gz,/mnt/galactica/rahbera/tracezoo/champsim/ml/stable-diffusion.cpp-sd-v1-4.ckpt.5.champsimtrace.gz,/mnt/galactica/rahbera/tracezoo/champsim/ml/llama2.c-llama2_7b.12.champsimtrace.gz,/mnt/galactica/rahbera/tracezoo/champsim/ml/llama2.c-llama2_7b.15.champsimtrace.gz
AIML-mix82,AIML,/mnt/galactica/rahbera/tracezoo/champsim/ml/llama2.c-llama2_7b.7.champsimtrace.gz,/mnt/galactica/rahbera/tracezoo/champsim/ml/llama2.c-llama2_7b.5.champsimtrace.gz,/mnt/galactica/rahbera/tracezoo/champsim/ml/llama2.c-llama2_7b.16.champsimtrace.gz,/mnt/galactica/rahbera/tracezoo/champsim/ml/llama2.c-stories110M.1.champsimtrace.gz
AIML-mix83,AIML,/mnt/galactica/rahbera/tracezoo/champsim/ml/stable-diffusion.cpp-sd-v1-4.ckpt.1.champsimtrace.gz,/mnt/galactica/rahbera/tracezoo/champsim/ml/rwkv_trace_6.champsimtrace.gz,/mnt/galactica/rahbera/tracezoo/champsim/ml/llama2.c-llama2_7b.6.champsimtrace.gz,/mnt/galactica/rahbera/tracezoo/champsim/ml/llama2.c-stories15M.3.champsimtrace.gz
AIML-mix84,AIML,/mnt/galactica/rahbera/tracezoo/champsim/ml/bark.cpp-bark-small.coarse_token_gen.4.champsimtrace.gz,/mnt/galactica/rahbera/tracezoo/champsim/ml/llama2.c-llama2_7b.7.champsimtrace.gz,/mnt/galactica/rahbera/tracezoo/champsim/ml/llama2.c-llama2_7b.3.champsimtrace.gz,/mnt/galactica/rahbera/tracezoo/champsim/ml/vit.cpp-base-ggml-model-f16.gguf.armadillo.1.champsimtrace.gz
AIML-mix85,AIML,/mnt/galactica/rahbera/tracezoo/champsim/ml/llama2.c-llama2_7b.11.champsimtrace.gz,/mnt/galactica/rahbera/tracezoo/champsim/ml/bark.cpp-bark-small.semantic_token_gen.2.champsimtrace.gz,/mnt/galactica/rahbera/tracezoo/champsim/ml/stable-diffusion.cpp-sd-v1-4.ckpt.3.champsimtrace.gz,/mnt/galactica/rahbera/tracezoo/champsim/ml/biogpt.cpp-ggml-model-tocilizumab.2.champsimtrace.gz
AIML-mix86,AIML,/mnt/galactica/rahbera/tracezoo/champsim/ml/llama2.c-stories42M.3.champsimtrace.gz,/mnt/galactica/rahbera/tracezoo/champsim/ml/biogpt.cpp-ggml-model-tocilizumab.6.champsimtrace.gz,/mnt/galactica/rahbera/tracezoo/champsim/ml/llama2.c-llama2_7b.10.champsimtrace.gz,/mnt/galactica/rahbera/tracezoo/champsim/ml/whisper_trace_7.champsimtrace.gz
AIML-mix87,AIML,/mnt/galactica/rahbera/tracezoo/champsim/ml/stable-diffusion.cpp-v1-5-pruned-emaonly.5.champsimtrace.gz,/mnt/galactica/rahbera/tracezoo/champsim/ml/rwkv_trace_3.champsimtrace.gz,/mnt/galactica/rahbera/tracezoo/champsim/ml/llama2.c-llama2_7b.16.champsimtrace.gz,/mnt/galactica/rahbera/tracezoo/champsim/ml/vit.cpp-base-ggml-model-f16.gguf.armadillo.1.champsimtrace.gz
AIML-mix88,AIML,/mnt/galactica/rahbera/tracezoo/champsim/ml/llama2.c-llama2_7b.3.champsimtrace.gz,/mnt/galactica/rahbera/tracezoo/champsim/ml/stable-diffusion.cpp-sd-v1-4.ckpt.1.champsimtrace.gz,/mnt/galactica/rahbera/tracezoo/champsim/ml/bark.cpp-bark-small.coarse_token_gen.3.champsimtrace.gz,/mnt/galactica/rahbera/tracezoo/champsim/ml/stable-diffusion.cpp-v1-5-pruned-emaonly.4.champsimtrace.gz
AIML-mix89,AIML,/mnt/galactica/rahbera/tracezoo/champsim/ml/llama2.c-stories42M.1.champsimtrace.gz,/mnt/galactica/rahbera/tracezoo/champsim/ml/bark.cpp-bark-small.semantic_token_gen.1.champsimtrace.gz,/mnt/galactica/rahbera/tracezoo/champsim/ml/llama2.c-llama2_7b.6.champsimtrace.gz,/mnt/galactica/rahbera/tracezoo/champsim/ml/stable-diffusion.cpp-v2-1_768-nonema-pruned.3.champsimtrace.gz
AIML-mix90,AIML,/mnt/galactica/rahbera/tracezoo/champsim/ml/whisper_trace_5.champsimtrace.gz,/mnt/galactica/rahbera/tracezoo/champsim/ml/bark.cpp-bark-small.semantic_token_gen.2.champsimtrace.gz,/mnt/galactica/rahbera/tracezoo/champsim/ml/bark.cpp-bark-small.semantic_token_gen.5.champsimtrace.gz,/mnt/galactica/rahbera/tracezoo/champsim/ml/llama2.c-stories42M.3.champsimtrace.gz
AIML-mix91,AIML,/mnt/galactica/rahbera/tracezoo/champsim/ml/bark.cpp-bark-small.semantic_token_gen.1.champsimtrace.gz,/mnt/galactica/rahbera/tracezoo/champsim/ml/llama2.c-llama2_7b.6.champsimtrace.gz,/mnt/galactica/rahbera/tracezoo/champsim/ml/whisper_trace_3.champsimtrace.gz,/mnt/galactica/rahbera/tracezoo/champsim/ml/stable-diffusion.cpp-v1-5-pruned-emaonly.3.champsimtrace.gz
AIML-mix92,AIML,/mnt/galactica/rahbera/tracezoo/champsim/ml/whisper_trace_2.champsimtrace.gz,/mnt/galactica/rahbera/tracezoo/champsim/ml/whisper_trace_8.champsimtrace.gz,/mnt/galactica/rahbera/tracezoo/champsim/ml/llama2.c-llama2_7b.9.champsimtrace.gz,/mnt/galactica/rahbera/tracezoo/champsim/ml/vit.cpp-large-ggml-model-f16.gguf.armadillo.1.champsimtrace.gz
AIML-mix93,AIML,/mnt/galactica/rahbera/tracezoo/champsim/ml/rwkv_trace_6.champsimtrace.gz,/mnt/galactica/rahbera/tracezoo/champsim/ml/rwkv_trace_2.champsimtrace.gz,/mnt/galactica/rahbera/tracezoo/champsim/ml/llama2.c-stories15M.2.champsimtrace.gz,/mnt/galactica/rahbera/tracezoo/champsim/ml/clip_trace_5.champsimtrace.gz
AIML-mix94,AIML,/mnt/galactica/rahbera/tracezoo/champsim/ml/clip_trace_1.champsimtrace.gz,/mnt/galactica/rahbera/tracezoo/champsim/ml/llama2.c-llama2_7b.12.champsimtrace.gz,/mnt/galactica/rahbera/tracezoo/champsim/ml/llama2.c-stories42M.1.champsimtrace.gz,/mnt/galactica/rahbera/tracezoo/champsim/ml/stable-diffusion.cpp-v2-1_768-nonema-pruned.3.champsimtrace.gz
AIML-mix95,AIML,/mnt/galactica/rahbera/tracezoo/champsim/ml/stable-diffusion.cpp-sd-v1-4.ckpt.1.champsimtrace.gz,/mnt/galactica/rahbera/tracezoo/champsim/ml/whisper_trace_8.champsimtrace.gz,/mnt/galactica/rahbera/tracezoo/champsim/ml/stable-diffusion.cpp-sd-v1-4.ckpt.2.champsimtrace.gz,/mnt/galactica/rahbera/tracezoo/champsim/ml/llama2.c-llama2_7b.4.champsimtrace.gz
AIML-mix96,AIML,/mnt/galactica/rahbera/tracezoo/champsim/ml/stable-diffusion.cpp-v2-1_768-nonema-pruned.3.champsimtrace.gz,/mnt/galactica/rahbera/tracezoo/champsim/ml/biogpt.cpp-ggml-model-tocilizumab.3.champsimtrace.gz,/mnt/galactica/rahbera/tracezoo/champsim/ml/vit.cpp-base-ggml-model-f16.gguf.armadillo.2.champsimtrace.gz,/mnt/galactica/rahbera/tracezoo/champsim/ml/llama2.c-llama2_7b.16.champsimtrace.gz
AIML-mix97,AIML,/mnt/galactica/rahbera/tracezoo/champsim/ml/llama2.c-llama2_7b.11.champsimtrace.gz,/mnt/galactica/rahbera/tracezoo/champsim/ml/bark.cpp-bark-small.semantic_token_gen.5.champsimtrace.gz,/mnt/galactica/rahbera/tracezoo/champsim/ml/llama2.c-llama2_7b.4.champsimtrace.gz,/mnt/galactica/rahbera/tracezoo/champsim/ml/biogpt.cpp-ggml-model-tocilizumab.1.champsimtrace.gz
AIML-mix98,AIML,/mnt/galactica/rahbera/tracezoo/champsim/ml/bark.cpp-bark-small.coarse_token_gen.3.champsimtrace.gz,/mnt/galactica/rahbera/tracezoo/champsim/ml/whisper_trace_7.champsimtrace.gz,/mnt/galactica/rahbera/tracezoo/champsim/ml/llama2.c-llama2_7b.8.champsimtrace.gz,/mnt/galactica/rahbera/tracezoo/champsim/ml/stable-diffusion.cpp-v2-1_768-nonema-pruned.1.champsimtrace.gz
AIML-mix99,AIML,/mnt/galactica/rahbera/tracezoo/champsim/ml/llama2.c-llama2_7b.1.champsimtrace.gz,/mnt/galactica/rahbera/tracezoo/champsim/ml/llama2.c-stories15M.3.champsimtrace.gz,/mnt/galactica/rahbera/tracezoo/champsim/ml/stable-diffusion.cpp-sd-v1-4.ckpt.2.champsimtrace.gz,/mnt/galactica/rahbera/tracezoo/champsim/ml/bark.cpp-bark-small.semantic_token_gen.1.champsimtrace.gz
Google-mix0,Google,/mnt/galactica/google-dpc4/gtrace_v2_champsim_1.3Binstr/yankee/yankee_0028.champsim.gz,/mnt/galactica/google-dpc4/gtrace_v2_champsim_1.3Binstr/sierra.a.3/sierra.a.3_0015.champsim.gz,/mnt/galactica/google-dpc4/gtrace_v2_champsim_1.3Binstr/tango/tango_0020.champsim.gz,/mnt/galactica/google-dpc4/gtrace_v2_champsim_1.3Binstr/sierra.a.6/sierra.a.6_0011.champsim.gz
Google-mix1,Google,/mnt/galactica/google-dpc4/gtrace_v2_champsim_1.3Binstr/yankee/yankee_0077.champsim.gz,/mnt/galactica/google-dpc4/gtrace_v2_champsim_1.3Binstr/sierra.a.6/sierra.a.6_0010.champsim.gz,/mnt/galactica/google-dpc4/gtrace_v2_champsim_1.3Binstr/yankee/yankee_0080.champsim.gz,/mnt/galactica/google-dpc4/gtrace_v2_champsim_1.3Binstr/merced/merced_0002.champsim.gz
Google-mix2,Google,/mnt/galactica/google-dpc4/gtrace_v2_champsim_1.3Binstr/tango/tango_0037.champsim.gz,/mnt/galactica/google-dpc4/gtrace_v2_champsim_1.3Binstr/sierra.a.4/sierra.a.4_0006.champsim.gz,/mnt/galactica/google-dpc4/gtrace_v2_champsim_1.3Binstr/yankee/yankee_0037.champsim.gz,/mnt/galactica/google-dpc4/gtrace_v2_champsim_1.3Binstr/merced/merced_0046.champsim.gz
Google-mix3,Google,/mnt/galactica/google-dpc4/gtrace_v2_champsim_1.3Binstr/tahoe/tahoe_0008.champsim.gz,/mnt/galactica/google-dpc4/gtrace_v2_champsim_1.3Binstr/sierra.a.4/sierra.a.4_0017.champsim.gz,/mnt/galactica/google-dpc4/gtrace_v2_champsim_1.3Binstr/merced/merced_0084.champsim.gz,/mnt/galactica/google-dpc4/gtrace_v2_champsim_1.3Binstr/tahoe/tahoe_0023.champsim.gz
Google-mix4,Google,/mnt/galactica/google-dpc4/gtrace_v2_champsim_1.3Binstr/tahoe/tahoe_0039.champsim.gz,/mnt/galactica/google-dpc4/gtrace_v2_champsim_1.3Binstr/charlie/charlie_0011.champsim.gz,/mnt/galactica/google-dpc4/gtrace_v2_champsim_1.3Binstr/arizona/arizona_0002.champsim.gz,/mnt/galactica/google-dpc4/gtrace_v2_champsim_1.3Binstr/sierra.a.3/sierra.a.3_0013.champsim.gz
Google-mix5,Google,/mnt/galactica/google-dpc4/gtrace_v2_champsim_1.3Binstr/merced/merced_0006.champsim.gz,/mnt/galactica/google-dpc4/gtrace_v2_champsim_1.3Binstr/whiskey/whiskey_0000.champsim.gz,/mnt/galactica/google-dpc4/gtrace_v2_champsim_1.3Binstr/yankee/yankee_0080.champsim.gz,/mnt/galactica/google-dpc4/gtrace_v2_champsim_1.3Binstr/merced/merced_0015.champsim.gz
Google-mix6,Google,/mnt/galactica/google-dpc4/gtrace_v2_champsim_1.3Binstr/sierra.a.4/sierra.a.4_0000.champsim.gz,/mnt/galactica/google-dpc4/gtrace_v2_champsim_1.3Binstr/yankee/yankee_0045.champsim.gz,/mnt/galactica/google-dpc4/gtrace_v2_champsim_1.3Binstr/tahoe/tahoe_0033.champsim.gz,/mnt/galactica/google-dpc4/gtrace_v2_champsim_1.3Binstr/tango/tango_0022.champsim.gz
Google-mix7,Google,/mnt/galactica/google-dpc4/gtrace_v2_champsim_1.3Binstr/tango/tango_0049.champsim.gz,/mnt/galactica/google-dpc4/gtrace_v2_champsim_1.3Binstr/sierra.a.4/sierra.a.4_0001.champsim.gz,/mnt/galactica/google-dpc4/gtrace_v2_champsim_1.3Binstr/yankee/yankee_0044.champsim.gz,/mnt/galactica/google-dpc4/gtrace_v2_champsim_1.3Binstr/yankee/yankee_0007.champsim.gz
Google-mix8,Google,/mnt/galactica/google-dpc4/gtrace_v2_champsim_1.3Binstr/yankee/yankee_0074.champsim.gz,/mnt/galactica/google-dpc4/gtrace_v2_champsim_1.3Binstr/charlie/charlie_0012.champsim.gz,/mnt/galactica/google-dpc4/gtrace_v2_champsim_1.3Binstr/tango/tango_0030.champsim.gz,/mnt/galactica/google-dpc4/gtrace_v2_champsim_1.3Binstr/yankee/yankee_0046.champsim.gz
Google-mix9,Google,/mnt/galactica/google-dpc4/gtrace_v2_champsim_1.3Binstr/sierra.a.4/sierra.a.4_0018.champsim.gz,/mnt/galactica/google-dpc4/gtrace_v2_champsim_1.3Binstr/merced/merced_0058.champsim.gz,/mnt/galactica/google-dpc4/gtrace_v2_champsim_1.3Binstr/merced/merced_0009.champsim.gz,/mnt/galactica/google-dpc4/gtrace_v2_champsim_1.3Binstr/merced/merced_0011.champsim.gz
Google-mix10,Google,/mnt/galactica/google-dpc4/gtrace_v2_champsim_1.3Binstr/tango/tango_0028.champsim.gz,/mnt/galactica/google-dpc4/gtrace_v2_champsim_1.3Binstr/yankee/yankee_0038.champsim.gz,/mnt/galactica/google-dpc4/gtrace_v2_champsim_1.3Binstr/yankee/yankee_0058.champsim.gz,/mnt/galactica/google-dpc4/gtrace_v2_champsim_1.3Binstr/yankee/yankee_0047.champsim.gz
Google-mix11,Google,/mnt/galactica/google-dpc4/gtrace_v2_champsim_1.3Binstr/merced/merced_0071.champsim.gz,/mnt/galactica/google-dpc4/gtrace_v2_champsim_1.3Binstr/tango/tango_0048.champsim.gz,/mnt/galactica/google-dpc4/gtrace_v2_champsim_1.3Binstr/merced/merced_0008.champsim.gz,/mnt/galactica/google-dpc4/gtrace_v2_champsim_1.3Binstr/sierra.a.6/sierra.a.6_0008.champsim.gz
Google-mix12,Google,/mnt/galactica/google-dpc4/gtrace_v2_champsim_1.3Binstr/yankee/yankee_0037.champsim.gz,/mnt/galactica/google-dpc4/gtrace_v2_champsim_1.3Binstr/merced/merced_0044.champsim.gz,/mnt/galactica/google-dpc4/gtrace_v2_champsim_1.3Binstr/tahoe/tahoe_0024.champsim.gz,/mnt/galactica/google-dpc4/gtrace_v2_champsim_1.3Binstr/tango/tango_0036.champsim.gz
Google-mix13,Google,/mnt/galactica/google-dpc4/gtrace_v2_champsim_1.3Binstr/charlie/charlie_0011.champsim.gz,/mnt/galactica/google-dpc4/gtrace_v2_champsim_1.3Binstr/tahoe/tahoe_0019.champsim.gz,/mnt/galactica/google-dpc4/gtrace_v2_champsim_1.3Binstr/sierra.a.6/sierra.a.6_0004.champsim.gz,/mnt/galactica/google-dpc4/gtrace_v2_champsim_1.3Binstr/tahoe/tahoe_0025.champsim.gz
Google-mix14,Google,/mnt/galactica/google-dpc4/gtrace_v2_champsim_1.3Binstr/merced/merced_0055.champsim.gz,/mnt/galactica/google-dpc4/gtrace_v2_champsim_1.3Binstr/yankee/yankee_0012.champsim.gz,/mnt/galactica/google-dpc4/gtrace_v2_champsim_1.3Binstr/tahoe/tahoe_0039.champsim.gz,/mnt/galactica/google-dpc4/gtrace_v2_champsim_1.3Binstr/sierra.a.3/sierra.a.3_0002.champsim.gz
Google-mix15,Google,/mnt/galactica/google-dpc4/gtrace_v2_champsim_1.3Binstr/yankee/yankee_0075.champsim.gz,/mnt/galactica/google-dpc4/gtrace_v2_champsim_1.3Binstr/yankee/yankee_0032.champsim.gz,/mnt/galactica/google-dpc4/gtrace_v2_champsim_1.3Binstr/yankee/yankee_0072.champsim.gz,/mnt/galactica/google-dpc4/gtrace_v2_champsim_1.3Binstr/merced/merced_0006.champsim.gz
Google-mix16,Google,/mnt/galactica/google-dpc4/gtrace_v2_champsim_1.3Binstr/tango/tango_0007.champsim.gz,/mnt/galactica/google-dpc4/gtrace_v2_champsim_1.3Binstr/tahoe/tahoe_0005.champsim.gz,/mnt/galactica/google-dpc4/gtrace_v2_champsim_1.3Binstr/arizona/arizona_0000.champsim.gz,/mnt/galactica/google-dpc4/gtrace_v2_champsim_1.3Binstr/sierra.a.4/sierra.a.4_0006.champsim.gz
Google-mix17,Google,/mnt/galactica/google-dpc4/gtrace_v2_champsim_1.3Binstr/tahoe/tahoe_0033.champsim.gz,/mnt/galactica/google-dpc4/gtrace_v2_champsim_1.3Binstr/arizona/arizona_0004.champsim.gz,/mnt/galactica/google-dpc4/gtrace_v2_champsim_1.3Binstr/tango/tango_0007.champsim.gz,/mnt/galactica/google-dpc4/gtrace_v2_champsim_1.3Binstr/yankee/yankee_0031.champsim.gz
Google-mix18,Google,/mnt/galactica/google-dpc4/gtrace_v2_champsim_1.3Binstr/sierra.a.4/sierra.a.4_0006.champsim.gz,/mnt/galactica/google-dpc4/gtrace_v2_champsim_1.3Binstr/merced/merced_0066.champsim.gz,/mnt/galactica/google-dpc4/gtrace_v2_champsim_1.3Binstr/tango/tango_0006.champsim.gz,/mnt/galactica/google-dpc4/gtrace_v2_champsim_1.3Binstr/tango/tango_0027.champsim.gz
Google-mix19,Google,/mnt/galactica/google-dpc4/gtrace_v2_champsim_1.3Binstr/yankee/yankee_0049.champsim.gz,/mnt/galactica/google-dpc4/gtrace_v2_champsim_1.3Binstr/tango/tango_0047.champsim.gz,/mnt/galactica/google-dpc4/gtrace_v2_champsim_1.3Binstr/merced/merced_0029.champsim.gz,/mnt/galactica/google-dpc4/gtrace_v2_champsim_1.3Binstr/tango/tango_0019.champsim.gz
Google-mix20,Google,/mnt/galactica/google-dpc4/gtrace_v2_champsim_1.3Binstr/merced/merced_0037.champsim.gz,/mnt/galactica/google-dpc4/gtrace_v2_champsim_1.3Binstr/merced/merced_0070.champsim.gz,/mnt/galactica/google-dpc4/gtrace_v2_champsim_1.3Binstr/yankee/yankee_0052.champsim.gz,/mnt/galactica/google-dpc4/gtrace_v2_champsim_1.3Binstr/sierra.a.4/sierra.a.4_0005.champsim.gz
Google-mix21,Google,/mnt/galactica/google-dpc4/gtrace_v2_champsim_1.3Binstr/tahoe/tahoe_0016.champsim.gz,/mnt/galactica/google-dpc4/gtrace_v2_champsim_1.3Binstr/arizona/arizona_0004.champsim.gz,/mnt/galactica/google-dpc4/gtrace_v2_champsim_1.3Binstr/charlie/charlie_0003.champsim.gz,/mnt/galactica/google-dpc4/gtrace_v2_champsim_1.3Binstr/tahoe/tahoe_0022.champsim.gz
Google-mix22,Google,/mnt/galactica/google-dpc4/gtrace_v2_champsim_1.3Binstr/merced/merced_0021.champsim.gz,/mnt/galactica/google-dpc4/gtrace_v2_champsim_1.3Binstr/yankee/yankee_0051.champsim.gz,/mnt/galactica/google-dpc4/gtrace_v2_champsim_1.3Binstr/yankee/yankee_0019.champsim.gz,/mnt/galactica/google-dpc4/gtrace_v2_champsim_1.3Binstr/sierra.a.3/sierra.a.3_0000.champsim.gz
Google-mix23,Google,/mnt/galactica/google-dpc4/gtrace_v2_champsim_1.3Binstr/merced/merced_0038.champsim.gz,/mnt/galactica/google-dpc4/gtrace_v2_champsim_1.3Binstr/merced/merced_0087.champsim.gz,/mnt/galactica/google-dpc4/gtrace_v2_champsim_1.3Binstr/tango/tango_0019.champsim.gz,/mnt/galactica/google-dpc4/gtrace_v2_champsim_1.3Binstr/merced/merced_0053.champsim.gz
Google-mix24,Google,/mnt/galactica/google-dpc4/gtrace_v2_champsim_1.3Binstr/tahoe/tahoe_0026.champsim.gz,/mnt/galactica/google-dpc4/gtrace_v2_champsim_1.3Binstr/sierra.a.4/sierra.a.4_0017.champsim.gz,/mnt/galactica/google-dpc4/gtrace_v2_champsim_1.3Binstr/sierra.a.4/sierra.a.4_0010.champsim.gz,/mnt/galactica/google-dpc4/gtrace_v2_champsim_1.3Binstr/tango/tango_0045.champsim.gz
Google-mix25,Google,/mnt/galactica/google-dpc4/gtrace_v2_champsim_1.3Binstr/tahoe/tahoe_0015.champsim.gz,/mnt/galactica/google-dpc4/gtrace_v2_champsim_1.3Binstr/tahoe/tahoe_0013.champsim.gz,/mnt/galactica/google-dpc4/gtrace_v2_champsim_1.3Binstr/tahoe/tahoe_0016.champsim.gz,/mnt/galactica/google-dpc4/gtrace_v2_champsim_1.3Binstr/yankee/yankee_0018.champsim.gz
Google-mix26,Google,/mnt/galactica/google-dpc4/gtrace_v2_champsim_1.3Binstr/yankee/yankee_0070.champsim.gz,/mnt/galactica/google-dpc4/gtrace_v2_champsim_1.3Binstr/tango/tango_0019.champsim.gz,/mnt/galactica/google-dpc4/gtrace_v2_champsim_1.3Binstr/merced/merced_0024.champsim.gz,/mnt/galactica/google-dpc4/gtrace_v2_champsim_1.3Binstr/yankee/yankee_0009.champsim.gz
Google-mix27,Google,/mnt/galactica/google-dpc4/gtrace_v2_champsim_1.3Binstr/yankee/yankee_0016.champsim.gz,/mnt/galactica/google-dpc4/gtrace_v2_champsim_1.3Binstr/merced/merced_0036.champsim.gz,/mnt/galactica/google-dpc4/gtrace_v2_champsim_1.3Binstr/charlie/charlie_0007.champsim.gz,/mnt/galactica/google-dpc4/gtrace_v2_champsim_1.3Binstr/tango/tango_0038.champsim.gz
Google-mix28,Google,/mnt/galactica/google-dpc4/gtrace_v2_champsim_1.3Binstr/charlie/charlie_0020.champsim.gz,/mnt/galactica/google-dpc4/gtrace_v2_champsim_1.3Binstr/charlie/charlie_0001.champsim.gz,/mnt/galactica/google-dpc4/gtrace_v2_champsim_1.3Binstr/tango/tango_0037.champsim.gz,/mnt/galactica/google-dpc4/gtrace_v2_champsim_1.3Binstr/tahoe/tahoe_0036.champsim.gz
Google-mix29,Google,/mnt/galactica/google-dpc4/gtrace_v2_champsim_1.3Binstr/tahoe/tahoe_0015.champsim.gz,/mnt/galactica/google-dpc4/gtrace_v2_champsim_1.3Binstr/tahoe/tahoe_0012.champsim.gz,/mnt/galactica/google-dpc4/gtrace_v2_champsim_1.3Binstr/merced/merced_0078.champsim.gz,/mnt/galactica/google-dpc4/gtrace_v2_champsim_1.3Binstr/charlie/charlie_0001.champsim.gz
Google-mix30,Google,/mnt/galactica/google-dpc4/gtrace_v2_champsim_1.3Binstr/merced/merced_0023.champsim.gz,/mnt/galactica/google-dpc4/gtrace_v2_champsim_1.3Binstr/merced/merced_0003.champsim.gz,/mnt/galactica/google-dpc4/gtrace_v2_champsim_1.3Binstr/merced/merced_0079.champsim.gz,/mnt/galactica/google-dpc4/gtrace_v2_champsim_1.3Binstr/yankee/yankee_0067.champsim.gz
Google-mix31,Google,/mnt/galactica/google-dpc4/gtrace_v2_champsim_1.3Binstr/tahoe/tahoe_0011.champsim.gz,/mnt/galactica/google-dpc4/gtrace_v2_champsim_1.3Binstr/sierra.a.3/sierra.a.3_0012.champsim.gz,/mnt/galactica/google-dpc4/gtrace_v2_champsim_1.3Binstr/sierra.a.4/sierra.a.4_0017.champsim.gz,/mnt/galactica/google-dpc4/gtrace_v2_champsim_1.3Binstr/tango/tango_0042.champsim.gz
Google-mix32,Google,/mnt/galactica/google-dpc4/gtrace_v2_champsim_1.3Binstr/merced/merced_0048.champsim.gz,/mnt/galactica/google-dpc4/gtrace_v2_champsim_1.3Binstr/yankee/yankee_0039.champsim.gz,/mnt/galactica/google-dpc4/gtrace_v2_champsim_1.3Binstr/tango/tango_0021.champsim.gz,/mnt/galactica/google-dpc4/gtrace_v2_champsim_1.3Binstr/yankee/yankee_0038.champsim.gz
Google-mix33,Google,/mnt/galactica/google-dpc4/gtrace_v2_champsim_1.3Binstr/yankee/yankee_0007.champsim.gz,/mnt/galactica/google-dpc4/gtrace_v2_champsim_1.3Binstr/tahoe/tahoe_0004.champsim.gz,/mnt/galactica/google-dpc4/gtrace_v2_champsim_1.3Binstr/yankee/yankee_0065.champsim.gz,/mnt/galactica/google-dpc4/gtrace_v2_champsim_1.3Binstr/sierra.a.6/sierra.a.6_0013.champsim.gz
Google-mix34,Google,/mnt/galactica/google-dpc4/gtrace_v2_champsim_1.3Binstr/sierra.a.6/sierra.a.6_0014.champsim.gz,/mnt/galactica/google-dpc4/gtrace_v2_champsim_1.3Binstr/tahoe/tahoe_0025.champsim.gz,/mnt/galactica/google-dpc4/gtrace_v2_champsim_1.3Binstr/sierra.a.4/sierra.a.4_0001.champsim.gz,/mnt/galactica/google-dpc4/gtrace_v2_champsim_1.3Binstr/merced/merced_0002.champsim.gz
Google-mix35,Google,/mnt/galactica/google-dpc4/gtrace_v2_champsim_1.3Binstr/tahoe/tahoe_0033.champsim.gz,/mnt/galactica/google-dpc4/gtrace_v2_champsim_1.3Binstr/merced/merced_0083.champsim.gz,/mnt/galactica/google-dpc4/gtrace_v2_champsim_1.3Binstr/tahoe/tahoe_0015.champsim.gz,/mnt/galactica/google-dpc4/gtrace_v2_champsim_1.3Binstr/arizona/arizona_0000.champsim.gz
Google-mix36,Google,/mnt/galactica/google-dpc4/gtrace_v2_champsim_1.3Binstr/sierra.a.4/sierra.a.4_0007.champsim.gz,/mnt/galactica/google-dpc4/gtrace_v2_champsim_1.3Binstr/yankee/yankee_0001.champsim.gz,/mnt/galactica/google-dpc4/gtrace_v2_champsim_1.3Binstr/charlie/charlie_0008.champsim.gz,/mnt/galactica/google-dpc4/gtrace_v2_champsim_1.3Binstr/yankee/yankee_0049.champsim.gz
Google-mix37,Google,/mnt/galactica/google-dpc4/gtrace_v2_champsim_1.3Binstr/tahoe/tahoe_0007.champsim.gz,/mnt/galactica/google-dpc4/gtrace_v2_champsim_1.3Binstr/yankee/yankee_0060.champsim.gz,/mnt/galactica/google-dpc4/gtrace_v2_champsim_1.3Binstr/yankee/yankee_0068.champsim.gz,/mnt/galactica/google-dpc4/gtrace_v2_champsim_1.3Binstr/tango/tango_0022.champsim.gz
Google-mix38,Google,/mnt/galactica/google-dpc4/gtrace_v2_champsim_1.3Binstr/tahoe/tahoe_0027.champsim.gz,/mnt/galactica/google-dpc4/gtrace_v2_champsim_1.3Binstr/sierra.a.3/sierra.a.3_0006.champsim.gz,/mnt/galactica/google-dpc4/gtrace_v2_champsim_1.3Binstr/tango/tango_0001.champsim.gz,/mnt/galactica/google-dpc4/gtrace_v2_champsim_1.3Binstr/merced/merced_0035.champsim.gz
Google-mix39,Google,/mnt/galactica/google-dpc4/gtrace_v2_champsim_1.3Binstr/tango/tango_0030.champsim.gz,/mnt/galactica/google-dpc4/gtrace_v2_champsim_1.3Binstr/yankee/yankee_0043.champsim.gz,/mnt/galactica/google-dpc4/gtrace_v2_champsim_1.3Binstr/yankee/yankee_0028.champsim.gz,/mnt/galactica/google-dpc4/gtrace_v2_champsim_1.3Binstr/tahoe/tahoe_0000.champsim.gz
Google-mix40,Google,/mnt/galactica/google-dpc4/gtrace_v2_champsim_1.3Binstr/sierra.a.4/sierra.a.4_0008.champsim.gz,/mnt/galactica/google-dpc4/gtrace_v2_champsim_1.3Binstr/arizona/arizona_0005.champsim.gz,/mnt/galactica/google-dpc4/gtrace_v2_champsim_1.3Binstr/merced/merced_0004.champsim.gz,/mnt/galactica/google-dpc4/gtrace_v2_champsim_1.3Binstr/tahoe/tahoe_0017.champsim.gz
Google-mix41,Google,/mnt/galactica/google-dpc4/gtrace_v2_champsim_1.3Binstr/merced/merced_0027.champsim.gz,/mnt/galactica/google-dpc4/gtrace_v2_champsim_1.3Binstr/tango/tango_0044.champsim.gz,/mnt/galactica/google-dpc4/gtrace_v2_champsim_1.3Binstr/tahoe/tahoe_0021.champsim.gz,/mnt/galactica/google-dpc4/gtrace_v2_champsim_1.3Binstr/merced/merced_0072.champsim.gz
Google-mix42,Google,/mnt/galactica/google-dpc4/gtrace_v2_champsim_1.3Binstr/yankee/yankee_0062.champsim.gz,/mnt/galactica/google-dpc4/gtrace_v2_champsim_1.3Binstr/merced/merced_0047.champsim.gz,/mnt/galactica/google-dpc4/gtrace_v2_champsim_1.3Binstr/sierra.a.3/sierra.a.3_0014.champsim.gz,/mnt/galactica/google-dpc4/gtrace_v2_champsim_1.3Binstr/charlie/charlie_0016.champsim.gz
Google-mix43,Google,/mnt/galactica/google-dpc4/gtrace_v2_champsim_1.3Binstr/charlie/charlie_0011.champsim.gz,/mnt/galactica/google-dpc4/gtrace_v2_champsim_1.3Binstr/merced/merced_0012.champsim.gz,/mnt/galactica/google-dpc4/gtrace_v2_champsim_1.3Binstr/tango/tango_0047.champsim.gz,/mnt/galactica/google-dpc4/gtrace_v2_champsim_1.3Binstr/yankee/yankee_0077.champsim.gz
Google-mix44,Google,/mnt/galactica/google-dpc4/gtrace_v2_champsim_1.3Binstr/tango/tango_0007.champsim.gz,/mnt/galactica/google-dpc4/gtrace_v2_champsim_1.3Binstr/sierra.a.6/sierra.a.6_0011.champsim.gz,/mnt/galactica/google-dpc4/gtrace_v2_champsim_1.3Binstr/charlie/charlie_0004.champsim.gz,/mnt/galactica/google-dpc4/gtrace_v2_champsim_1.3Binstr/sierra.a.6/sierra.a.6_0013.champsim.gz
Google-mix45,Google,/mnt/galactica/google-dpc4/gtrace_v2_champsim_1.3Binstr/yankee/yankee_0026.champsim.gz,/mnt/galactica/google-dpc4/gtrace_v2_champsim_1.3Binstr/yankee/yankee_0069.champsim.gz,/mnt/galactica/google-dpc4/gtrace_v2_champsim_1.3Binstr/merced/merced_0068.champsim.gz,/mnt/galactica/google-dpc4/gtrace_v2_champsim_1.3Binstr/yankee/yankee_0059.champsim.gz
Google-mix46,Google,/mnt/galactica/google-dpc4/gtrace_v2_champsim_1.3Binstr/sierra.a.6/sierra.a.6_0004.champsim.gz,/mnt/galactica/google-dpc4/gtrace_v2_champsim_1.3Binstr/sierra.a.3/sierra.a.3_0001.champsim.gz,/mnt/galactica/google-dpc4/gtrace_v2_champsim_1.3Binstr/yankee/yankee_0018.champsim.gz,/mnt/galactica/google-dpc4/gtrace_v2_champsim_1.3Binstr/sierra.a.4/sierra.a.4_0010.champsim.gz
Google-mix47,Google,/mnt/galactica/google-dpc4/gtrace_v2_champsim_1.3Binstr/tango/tango_0042.champsim.gz,/mnt/galactica/google-dpc4/gtrace_v2_champsim_1.3Binstr/yankee/yankee_0042.champsim.gz,/mnt/galactica/google-dpc4/gtrace_v2_champsim_1.3Binstr/sierra.a.4/sierra.a.4_0005.champsim.gz,/mnt/galactica/google-dpc4/gtrace_v2_champsim_1.3Binstr/sierra.a.4/sierra.a.4_0020.champsim.gz
Google-mix48,Google,/mnt/galactica/google-dpc4/gtrace_v2_champsim_1.3Binstr/yankee/yankee_0054.champsim.gz,/mnt/galactica/google-dpc4/gtrace_v2_champsim_1.3Binstr/sierra.a.4/sierra.a.4_0023.champsim.gz,/mnt/galactica/google-dpc4/gtrace_v2_champsim_1.3Binstr/sierra.a.4/sierra.a.4_0019.champsim.gz,/mnt/galactica/google-dpc4/gtrace_v2_champsim_1.3Binstr/sierra.a.3/sierra.a.3_0011.champsim.gz
Google-mix49,Google,/mnt/galactica/google-dpc4/gtrace_v2_champsim_1.3Binstr/merced/merced_0017.champsim.gz,/mnt/galactica/google-dpc4/gtrace_v2_champsim_1.3Binstr/merced/merced_0045.champsim.gz,/mnt/galactica/google-dpc4/gtrace_v2_champsim_1.3Binstr/yankee/yankee_0065.champsim.gz,/mnt/galactica/google-dpc4/gtrace_v2_champsim_1.3Binstr/sierra.a.4/sierra.a.4_0018.champsim.gz
Google-mix50,Google,/mnt/galactica/google-dpc4/gtrace_v2_champsim_1.3Binstr/tango/tango_0003.champsim.gz,/mnt/galactica/google-dpc4/gtrace_v2_champsim_1.3Binstr/tango/tango_0036.champsim.gz,/mnt/galactica/google-dpc4/gtrace_v2_champsim_1.3Binstr/yankee/yankee_0048.champsim.gz,/mnt/galactica/google-dpc4/gtrace_v2_champsim_1.3Binstr/merced/merced_0084.champsim.gz
Google-mix51,Google,/mnt/galactica/google-dpc4/gtrace_v2_champsim_1.3Binstr/merced/merced_0084.champsim.gz,/mnt/galactica/google-dpc4/gtrace_v2_champsim_1.3Binstr/merced/merced_0088.champsim.gz,/mnt/galactica/google-dpc4/gtrace_v2_champsim_1.3Binstr/sierra.a.6/sierra.a.6_0007.champsim.gz,/mnt/galactica/google-dpc4/gtrace_v2_champsim_1.3Binstr/merced/merced_0040.champsim.gz
Google-mix52,Google,/mnt/galactica/google-dpc4/gtrace_v2_champsim_1.3Binstr/tahoe/tahoe_0020.champsim.gz,/mnt/galactica/google-dpc4/gtrace_v2_champsim_1.3Binstr/tango/tango_0018.champsim.gz,/mnt/galactica/google-dpc4/gtrace_v2_champsim_1.3Binstr/tango/tango_0016.champsim.gz,/mnt/galactica/google-dpc4/gtrace_v2_champsim_1.3Binstr/merced/merced_0037.champsim.gz
Google-mix53,Google,/mnt/galactica/google-dpc4/gtrace_v2_champsim_1.3Binstr/tahoe/tahoe_0023.champsim.gz,/mnt/galactica/google-dpc4/gtrace_v2_champsim_1.3Binstr/sierra.a.6/sierra.a.6_0015.champsim.gz,/mnt/galactica/google-dpc4/gtrace_v2_champsim_1.3Binstr/yankee/yankee_0061.champsim.gz,/mnt/galactica/google-dpc4/gtrace_v2_champsim_1.3Binstr/merced/merced_0053.champsim.gz
Google-mix54,Google,/mnt/galactica/google-dpc4/gtrace_v2_champsim_1.3Binstr/yankee/yankee_0048.champsim.gz,/mnt/galactica/google-dpc4/gtrace_v2_champsim_1.3Binstr/sierra.a.3/sierra.a.3_0000.champsim.gz,/mnt/galactica/google-dpc4/gtrace_v2_champsim_1.3Binstr/yankee/yankee_0041.champsim.gz,/mnt/galactica/google-dpc4/gtrace_v2_champsim_1.3Binstr/merced/merced_0082.champsim.gz
Google-mix55,Google,/mnt/galactica/google-dpc4/gtrace_v2_champsim_1.3Binstr/sierra.a.4/sierra.a.4_0004.champsim.gz,/mnt/galactica/google-dpc4/gtrace_v2_champsim_1.3Binstr/tango/tango_0025.champsim.gz,/mnt/galactica/google-dpc4/gtrace_v2_champsim_1.3Binstr/sierra.a.4/sierra.a.4_0012.champsim.gz,/mnt/galactica/google-dpc4/gtrace_v2_champsim_1.3Binstr/yankee/yankee_0011.champsim.gz
Google-mix56,Google,/mnt/galactica/google-dpc4/gtrace_v2_champsim_1.3Binstr/yankee/yankee_0049.champsim.gz,/mnt/galactica/google-dpc4/gtrace_v2_champsim_1.3Binstr/yankee/yankee_0026.champsim.gz,/mnt/galactica/google-dpc4/gtrace_v2_champsim_1.3Binstr/sierra.a.4/sierra.a.4_0002.champsim.gz,/mnt/galactica/google-dpc4/gtrace_v2_champsim_1.3Binstr/yankee/yankee_0020.champsim.gz
Google-mix57,Google,/mnt/galactica/google-dpc4/gtrace_v2_champsim_1.3Binstr/sierra.a.6/sierra.a.6_0008.champsim.gz,/mnt/galactica/google-dpc4/gtrace_v2_champsim_1.3Binstr/charlie/charlie_0006.champsim.gz,/mnt/galactica/google-dpc4/gtrace_v2_champsim_1.3Binstr/tahoe/tahoe_0012.champsim.gz,/mnt/galactica/google-dpc4/gtrace_v2_champsim_1.3Binstr/yankee/yankee_0042.champsim.gz
Google-mix58,Google,/mnt/galactica/google-dpc4/gtrace_v2_champsim_1.3Binstr/tahoe/tahoe_0014.champsim.gz,/mnt/galactica/google-dpc4/gtrace_v2_champsim_1.3Binstr/yankee/yankee_0011.champsim.gz,/mnt/galactica/google-dpc4/gtrace_v2_champsim_1.3Binstr/tahoe/tahoe_0035.champsim.gz,/mnt/galactica/google-dpc4/gtrace_v2_champsim_1.3Binstr/tango/tango_0023.champsim.gz
Google-mix59,Google,/mnt/galactica/google-dpc4/gtrace_v2_champsim_1.3Binstr/sierra.a.4/sierra.a.4_0004.champsim.gz,/mnt/galactica/google-dpc4/gtrace_v2_champsim_1.3Binstr/tango/tango_0041.champsim.gz,/mnt/galactica/google-dpc4/gtrace_v2_champsim_1.3Binstr/tahoe/tahoe_0025.champsim.gz,/mnt/galactica/google-dpc4/gtrace_v2_champsim_1.3Binstr/charlie/charlie_0005.champsim.gz
Google-mix60,Google,/mnt/galactica/google-dpc4/gtrace_v2_champsim_1.3Binstr/tango/tango_0045.champsim.gz,/mnt/galactica/google-dpc4/gtrace_v2_champsim_1.3Binstr/tahoe/tahoe_0024.champsim.gz,/mnt/galactica/google-dpc4/gtrace_v2_champsim_1.3Binstr/merced/merced_0037.champsim.gz,/mnt/galactica/google-dpc4/gtrace_v2_champsim_1.3Binstr/sierra.a.6/sierra.a.6_0003.champsim.gz
Google-mix61,Google,/mnt/galactica/google-dpc4/gtrace_v2_champsim_1.3Binstr/yankee/yankee_0028.champsim.gz,/mnt/galactica/google-dpc4/gtrace_v2_champsim_1.3Binstr/sierra.a.4/sierra.a.4_0000.champsim.gz,/mnt/galactica/google-dpc4/gtrace_v2_champsim_1.3Binstr/sierra.a.6/sierra.a.6_0013.champsim.gz,/mnt/galactica/google-dpc4/gtrace_v2_champsim_1.3Binstr/tahoe/tahoe_0008.champsim.gz
Google-mix62,Google,/mnt/galactica/google-dpc4/gtrace_v2_champsim_1.3Binstr/tahoe/tahoe_0035.champsim.gz,/mnt/galactica/google-dpc4/gtrace_v2_champsim_1.3Binstr/merced/merced_0025.champsim.gz,/mnt/galactica/google-dpc4/gtrace_v2_champsim_1.3Binstr/yankee/yankee_0020.champsim.gz,/mnt/galactica/google-dpc4/gtrace_v2_champsim_1.3Binstr/merced/merced_0058.champsim.gz
Google-mix63,Google,/mnt/galactica/google-dpc4/gtrace_v2_champsim_1.3Binstr/merced/merced_0029.champsim.gz,/mnt/galactica/google-dpc4/gtrace_v2_champsim_1.3Binstr/merced/merced_0025.champsim.gz,/mnt/galactica/google-dpc4/gtrace_v2_champsim_1.3Binstr/merced/merced_0006.champsim.gz,/mnt/galactica/google-dpc4/gtrace_v2_champsim_1.3Binstr/tango/tango_0016.champsim.gz
Google-mix64,Google,/mnt/galactica/google-dpc4/gtrace_v2_champsim_1.3Binstr/merced/merced_0044.champsim.gz,/mnt/galactica/google-dpc4/gtrace_v2_champsim_1.3Binstr/merced/merced_0067.champsim.gz,/mnt/galactica/google-dpc4/gtrace_v2_champsim_1.3Binstr/merced/merced_0052.champsim.gz,/mnt/galactica/google-dpc4/gtrace_v2_champsim_1.3Binstr/delta/delta_0000.champsim.gz
Google-mix65,Google,/mnt/galactica/google-dpc4/gtrace_v2_champsim_1.3Binstr/yankee/yankee_0010.champsim.gz,/mnt/galactica/google-dpc4/gtrace_v2_champsim_1.3Binstr/yankee/yankee_0005.champsim.gz,/mnt/galactica/google-dpc4/gtrace_v2_champsim_1.3Binstr/tango/tango_0024.champsim.gz,/mnt/galactica/google-dpc4/gtrace_v2_champsim_1.3Binstr/tango/tango_0009.champsim.gz
Google-mix66,Google,/mnt/galactica/google-dpc4/gtrace_v2_champsim_1.3Binstr/yankee/yankee_0051.champsim.gz,/mnt/galactica/google-dpc4/gtrace_v2_champsim_1.3Binstr/yankee/yankee_0027.champsim.gz,/mnt/galactica/google-dpc4/gtrace_v2_champsim_1.3Binstr/sierra.a.4/sierra.a.4_0015.champsim.gz,/mnt/galactica/google-dpc4/gtrace_v2_champsim_1.3Binstr/merced/merced_0001.champsim.gz
Google-mix67,Google,/mnt/galactica/google-dpc4/gtrace_v2_champsim_1.3Binstr/tahoe/tahoe_0019.champsim.gz,/mnt/galactica/google-dpc4/gtrace_v2_champsim_1.3Binstr/merced/merced_0015.champsim.gz,/mnt/galactica/google-dpc4/gtrace_v2_champsim_1.3Binstr/sierra.a.6/sierra.a.6_0006.champsim.gz,/mnt/galactica/google-dpc4/gtrace_v2_champsim_1.3Binstr/tango/tango_0029.champsim.gz
Google-mix68,Google,/mnt/galactica/google-dpc4/gtrace_v2_champsim_1.3Binstr/yankee/yankee_0053.champsim.gz,/mnt/galactica/google-dpc4/gtrace_v2_champsim_1.3Binstr/tango/tango_0003.champsim.gz,/mnt/galactica/google-dpc4/gtrace_v2_champsim_1.3Binstr/tango/tango_0011.champsim.gz,/mnt/galactica/google-dpc4/gtrace_v2_champsim_1.3Binstr/yankee/yankee_0020.champsim.gz
Google-mix69,Google,/mnt/galactica/google-dpc4/gtrace_v2_champsim_1.3Binstr/sierra.a.4/sierra.a.4_0008.champsim.gz,/mnt/galactica/google-dpc4/gtrace_v2_champsim_1.3Binstr/yankee/yankee_0005.champsim.gz,/mnt/galactica/google-dpc4/gtrace_v2_champsim_1.3Binstr/yankee/yankee_0015.champsim.gz,/mnt/galactica/google-dpc4/gtrace_v2_champsim_1.3Binstr/charlie/charlie_0014.champsim.gz
Google-mix70,Google,/mnt/galactica/google-dpc4/gtrace_v2_champsim_1.3Binstr/yankee/yankee_0015.champsim.gz,/mnt/galactica/google-dpc4/gtrace_v2_champsim_1.3Binstr/merced/merced_0040.champsim.gz,/mnt/galactica/google-dpc4/gtrace_v2_champsim_1.3Binstr/merced/merced_0000.champsim.gz,/mnt/galactica/google-dpc4/gtrace_v2_champsim_1.3Binstr/charlie/charlie_0003.champsim.gz
Google-mix71,Google,/mnt/galactica/google-dpc4/gtrace_v2_champsim_1.3Binstr/tango/tango_0009.champsim.gz,/mnt/galactica/google-dpc4/gtrace_v2_champsim_1.3Binstr/yankee/yankee_0016.champsim.gz,/mnt/galactica/google-dpc4/gtrace_v2_champsim_1.3Binstr/merced/merced_0007.champsim.gz,/mnt/galactica/google-dpc4/gtrace_v2_champsim_1.3Binstr/sierra.a.4/sierra.a.4_0021.champsim.gz
Google-mix72,Google,/mnt/galactica/google-dpc4/gtrace_v2_champsim_1.3Binstr/bravo.a/bravo.a_0002.champsim.gz,/mnt/galactica/google-dpc4/gtrace_v2_champsim_1.3Binstr/yankee/yankee_0017.champsim.gz,/mnt/galactica/google-dpc4/gtrace_v2_champsim_1.3Binstr/charlie/charlie_0008.champsim.gz,/mnt/galactica/google-dpc4/gtrace_v2_champsim_1.3Binstr/yankee/yankee_0071.champsim.gz
Google-mix73,Google,/mnt/galactica/google-dpc4/gtrace_v2_champsim_1.3Binstr/yankee/yankee_0002.champsim.gz,/mnt/galactica/google-dpc4/gtrace_v2_champsim_1.3Binstr/yankee/yankee_0007.champsim.gz,/mnt/galactica/google-dpc4/gtrace_v2_champsim_1.3Binstr/merced/merced_0018.champsim.gz,/mnt/galactica/google-dpc4/gtrace_v2_champsim_1.3Binstr/tango/tango_0045.champsim.gz
Google-mix74,Google,/mnt/galactica/google-dpc4/gtrace_v2_champsim_1.3Binstr/merced/merced_0015.champsim.gz,/mnt/galactica/google-dpc4/gtrace_v2_champsim_1.3Binstr/merced/merced_0011.champsim.gz,/mnt/galactica/google-dpc4/gtrace_v2_champsim_1.3Binstr/sierra.a.6/sierra.a.6_0012.champsim.gz,/mnt/galactica/google-dpc4/gtrace_v2_champsim_1.3Binstr/tango/tango_0000.champsim.gz
Google-mix75,Google,/mnt/galactica/google-dpc4/gtrace_v2_champsim_1.3Binstr/yankee/yankee_0005.champsim.gz,/mnt/galactica/google-dpc4/gtrace_v2_champsim_1.3Binstr/merced/merced_0017.champsim.gz,/mnt/galactica/google-dpc4/gtrace_v2_champsim_1.3Binstr/sierra.a.4/sierra.a.4_0008.champsim.gz,/mnt/galactica/google-dpc4/gtrace_v2_champsim_1.3Binstr/arizona/arizona_0001.champsim.gz
Google-mix76,Google,/mnt/galactica/google-dpc4/gtrace_v2_champsim_1.3Binstr/yankee/yankee_0037.champsim.gz,/mnt/galactica/google-dpc4/gtrace_v2_champsim_1.3Binstr/sierra.a.6/sierra.a.6_0008.champsim.gz,/mnt/galactica/google-dpc4/gtrace_v2_champsim_1.3Binstr/charlie/charlie_0002.champsim.gz,/mnt/galactica/google-dpc4/gtrace_v2_champsim_1.3Binstr/tango/tango_0010.champsim.gz
Google-mix77,Google,/mnt/galactica/google-dpc4/gtrace_v2_champsim_1.3Binstr/merced/merced_0057.champsim.gz,/mnt/galactica/google-dpc4/gtrace_v2_champsim_1.3Binstr/charlie/charlie_0016.champsim.gz,/mnt/galactica/google-dpc4/gtrace_v2_champsim_1.3Binstr/tahoe/tahoe_0031.champsim.gz,/mnt/galactica/google-dpc4/gtrace_v2_champsim_1.3Binstr/delta/delta_0000.champsim.gz
Google-mix78,Google,/mnt/galactica/google-dpc4/gtrace_v2_champsim_1.3Binstr/yankee/yankee_0053.champsim.gz,/mnt/galactica/google-dpc4/gtrace_v2_champsim_1.3Binstr/yankee/yankee_0056.champsim.gz,/mnt/galactica/google-dpc4/gtrace_v2_champsim_1.3Binstr/yankee/yankee_0000.champsim.gz,/mnt/galactica/google-dpc4/gtrace_v2_champsim_1.3Binstr/yankee/yankee_0047.champsim.gz
Google-mix79,Google,/mnt/galactica/google-dpc4/gtrace_v2_champsim_1.3Binstr/yankee/yankee_0004.champsim.gz,/mnt/galactica/google-dpc4/gtrace_v2_champsim_1.3Binstr/sierra.a.6/sierra.a.6_0008.champsim.gz,/mnt/galactica/google-dpc4/gtrace_v2_champsim_1.3Binstr/sierra.a.3/sierra.a.3_0008.champsim.gz,/mnt/galactica/google-dpc4/gtrace_v2_champsim_1.3Binstr/tango/tango_0032.champsim.gz
Google-mix80,Google,/mnt/galactica/google-dpc4/gtrace_v2_champsim_1.3Binstr/merced/merced_0012.champsim.gz,/mnt/galactica/google-dpc4/gtrace_v2_champsim_1.3Binstr/charlie/charlie_0017.champsim.gz,/mnt/galactica/google-dpc4/gtrace_v2_champsim_1.3Binstr/tango/tango_0010.champsim.gz,/mnt/galactica/google-dpc4/gtrace_v2_champsim_1.3Binstr/tango/tango_0021.champsim.gz
Google-mix81,Google,/mnt/galactica/google-dpc4/gtrace_v2_champsim_1.3Binstr/yankee/yankee_0037.champsim.gz,/mnt/galactica/google-dpc4/gtrace_v2_champsim_1.3Binstr/yankee/yankee_0065.champsim.gz,/mnt/galactica/google-dpc4/gtrace_v2_champsim_1.3Binstr/sierra.a.3/sierra.a.3_0004.champsim.gz,/mnt/galactica/google-dpc4/gtrace_v2_champsim_1.3Binstr/merced/merced_0084.champsim.gz
Google-mix82,Google,/mnt/galactica/google-dpc4/gtrace_v2_champsim_1.3Binstr/tahoe/tahoe_0016.champsim.gz,/mnt/galactica/google-dpc4/gtrace_v2_champsim_1.3Binstr/charlie/charlie_0010.champsim.gz,/mnt/galactica/google-dpc4/gtrace_v2_champsim_1.3Binstr/yankee/yankee_0007.champsim.gz,/mnt/galactica/google-dpc4/gtrace_v2_champsim_1.3Binstr/tahoe/tahoe_0020.champsim.gz
Google-mix83,Google,/mnt/galactica/google-dpc4/gtrace_v2_champsim_1.3Binstr/yankee/yankee_0013.champsim.gz,/mnt/galactica/google-dpc4/gtrace_v2_champsim_1.3Binstr/arizona/arizona_0005.champsim.gz,/mnt/galactica/google-dpc4/gtrace_v2_champsim_1.3Binstr/merced/merced_0017.champsim.gz,/mnt/galactica/google-dpc4/gtrace_v2_champsim_1.3Binstr/sierra.a.4/sierra.a.4_0002.champsim.gz
Google-mix84,Google,/mnt/galactica/google-dpc4/gtrace_v2_champsim_1.3Binstr/merced/merced_0059.champsim.gz,/mnt/galactica/google-dpc4/gtrace_v2_champsim_1.3Binstr/yankee/yankee_0076.champsim.gz,/mnt/galactica/google-dpc4/gtrace_v2_champsim_1.3Binstr/tahoe/tahoe_0015.champsim.gz,/mnt/galactica/google-dpc4/gtrace_v2_champsim_1.3Binstr/arizona/arizona_0000.champsim.gz
Google-mix85,Google,/mnt/galactica/google-dpc4/gtrace_v2_champsim_1.3Binstr/merced/merced_0060.champsim.gz,/mnt/galactica/google-dpc4/gtrace_v2_champsim_1.3Binstr/tahoe/tahoe_0029.champsim.gz,/mnt/galactica/google-dpc4/gtrace_v2_champsim_1.3Binstr/merced/merced_0047.champsim.gz,/mnt/galactica/google-dpc4/gtrace_v2_champsim_1.3Binstr/yankee/yankee_0064.champsim.gz
Google-mix86,Google,/mnt/galactica/google-dpc4/gtrace_v2_champsim_1.3Binstr/yankee/yankee_0015.champsim.gz,/mnt/galactica/google-dpc4/gtrace_v2_champsim_1.3Binstr/merced/merced_0073.champsim.gz,/mnt/galactica/google-dpc4/gtrace_v2_champsim_1.3Binstr/sierra.a.4/sierra.a.4_0018.champsim.gz,/mnt/galactica/google-dpc4/gtrace_v2_champsim_1.3Binstr/merced/merced_0077.champsim.gz
Google-mix87,Google,/mnt/galactica/google-dpc4/gtrace_v2_champsim_1.3Binstr/merced/merced_0001.champsim.gz,/mnt/galactica/google-dpc4/gtrace_v2_champsim_1.3Binstr/merced/merced_0037.champsim.gz,/mnt/galactica/google-dpc4/gtrace_v2_champsim_1.3Binstr/yankee/yankee_0046.champsim.gz,/mnt/galactica/google-dpc4/gtrace_v2_champsim_1.3Binstr/tango/tango_0037.champsim.gz
Google-mix88,Google,/mnt/galactica/google-dpc4/gtrace_v2_champsim_1.3Binstr/charlie/charlie_0021.champsim.gz,/mnt/galactica/google-dpc4/gtrace_v2_champsim_1.3Binstr/yankee/yankee_0005.champsim.gz,/mnt/galactica/google-dpc4/gtrace_v2_champsim_1.3Binstr/sierra.a.6/sierra.a.6_0005.champsim.gz,/mnt/galactica/google-dpc4/gtrace_v2_champsim_1.3Binstr/merced/merced_0016.champsim.gz
Google-mix89,Google,/mnt/galactica/google-dpc4/gtrace_v2_champsim_1.3Binstr/yankee/yankee_0025.champsim.gz,/mnt/galactica/google-dpc4/gtrace_v2_champsim_1.3Binstr/yankee/yankee_0023.champsim.gz,/mnt/galactica/google-dpc4/gtrace_v2_champsim_1.3Binstr/sierra.a.4/sierra.a.4_0006.champsim.gz,/mnt/galactica/google-dpc4/gtrace_v2_champsim_1.3Binstr/yankee/yankee_0040.champsim.gz
Google-mix90,Google,/mnt/galactica/google-dpc4/gtrace_v2_champsim_1.3Binstr/yankee/yankee_0054.champsim.gz,/mnt/galactica/google-dpc4/gtrace_v2_champsim_1.3Binstr/merced/merced_0063.champsim.gz,/mnt/galactica/google-dpc4/gtrace_v2_champsim_1.3Binstr/merced/merced_0015.champsim.gz,/mnt/galactica/google-dpc4/gtrace_v2_champsim_1.3Binstr/yankee/yankee_0079.champsim.gz
Google-mix91,Google,/mnt/galactica/google-dpc4/gtrace_v2_champsim_1.3Binstr/tahoe/tahoe_0021.champsim.gz,/mnt/galactica/google-dpc4/gtrace_v2_champsim_1.3Binstr/yankee/yankee_0022.champsim.gz,/mnt/galactica/google-dpc4/gtrace_v2_champsim_1.3Binstr/sierra.a.6/sierra.a.6_0004.champsim.gz,/mnt/galactica/google-dpc4/gtrace_v2_champsim_1.3Binstr/charlie/charlie_0017.champsim.gz
Google-mix92,Google,/mnt/galactica/google-dpc4/gtrace_v2_champsim_1.3Binstr/sierra.a.6/sierra.a.6_0011.champsim.gz,/mnt/galactica/google-dpc4/gtrace_v2_champsim_1.3Binstr/tahoe/tahoe_0022.champsim.gz,/mnt/galactica/google-dpc4/gtrace_v2_champsim_1.3Binstr/charlie/charlie_0009.champsim.gz,/mnt/galactica/google-dpc4/gtrace_v2_champsim_1.3Binstr/yankee/yankee_0070.champsim.gz
Google-mix93,Google,/mnt/galactica/google-dpc4/gtrace_v2_champsim_1.3Binstr/tango/tango_0034.champsim.gz,/mnt/galactica/google-dpc4/gtrace_v2_champsim_1.3Binstr/yankee/yankee_0028.champsim.gz,/mnt/galactica/google-dpc4/gtrace_v2_champsim_1.3Binstr/yankee/yankee_0074.champsim.gz,/mnt/galactica/google-dpc4/gtrace_v2_champsim_1.3Binstr/sierra.a.4/sierra.a.4_0020.champsim.gz
Google-mix94,Google,/mnt/galactica/google-dpc4/gtrace_v2_champsim_1.3Binstr/merced/merced_0078.champsim.gz,/mnt/galactica/google-dpc4/gtrace_v2_champsim_1.3Binstr/sierra.a.6/sierra.a.6_0009.champsim.gz,/mnt/galactica/google-dpc4/gtrace_v2_champsim_1.3Binstr/sierra.a.4/sierra.a.4_0013.champsim.gz,/mnt/galactica/google-dpc4/gtrace_v2_champsim_1.3Binstr/yankee/yankee_0009.champsim.gz
Google-mix95,Google,/mnt/galactica/google-dpc4/gtrace_v2_champsim_1.3Binstr/merced/merced_0052.champsim.gz,/mnt/galactica/google-dpc4/gtrace_v2_champsim_1.3Binstr/delta/delta_0001.champsim.gz,/mnt/galactica/google-dpc4/gtrace_v2_champsim_1.3Binstr/yankee/yankee_0005.champsim.gz,/mnt/galactica/google-dpc4/gtrace_v2_champsim_1.3Binstr/yankee/yankee_0054.champsim.gz
Google-mix96,Google,/mnt/galactica/google-dpc4/gtrace_v2_champsim_1.3Binstr/tango/tango_0015.champsim.gz,/mnt/galactica/google-dpc4/gtrace_v2_champsim_1.3Binstr/tahoe/tahoe_0009.champsim.gz,/mnt/galactica/google-dpc4/gtrace_v2_champsim_1.3Binstr/merced/merced_0024.champsim.gz,/mnt/galactica/google-dpc4/gtrace_v2_champsim_1.3Binstr/arizona/arizona_0002.champsim.gz
Google-mix97,Google,/mnt/galactica/google-dpc4/gtrace_v2_champsim_1.3Binstr/charlie/charlie_0008.champsim.gz,/mnt/galactica/google-dpc4/gtrace_v2_champsim_1.3Binstr/sierra.a.6/sierra.a.6_0003.champsim.gz,/mnt/galactica/google-dpc4/gtrace_v2_champsim_1.3Binstr/yankee/yankee_0064.champsim.gz,/mnt/galactica/google-dpc4/gtrace_v2_champsim_1.3Binstr/tango/tango_0048.champsim.gz
Google-mix98,Google,/mnt/galactica/google-dpc4/gtrace_v2_champsim_1.3Binstr/sierra.a.3/sierra.a.3_0013.champsim.gz,/mnt/galactica/google-dpc4/gtrace_v2_champsim_1.3Binstr/yankee/yankee_0009.champsim.gz,/mnt/galactica/google-dpc4/gtrace_v2_champsim_1.3Binstr/yankee/yankee_0055.champsim.gz,/mnt/galactica/google-dpc4/gtrace_v2_champsim_1.3Binstr/tango/tango_0042.champsim.gz
Google-mix99,Google,/mnt/galactica/google-dpc4/gtrace_v2_champsim_1.3Binstr/yankee/yankee_0053.champsim.gz,/mnt/galactica/google-dpc4/gtrace_v2_champsim_1.3Binstr/tango/tango_0037.champsim.gz,/mnt/galactica/google-dpc4/gtrace_v2_champsim_1.3Binstr/yankee/yankee_0005.champsim.gz,/mnt/galactica/google-dpc4/gtrace_v2_champsim_1.3Binstr/merced/merced_0049.champsim.gz
Graph-mix0,Graph,/mnt/galactica/rahbera/tracezoo/champsim/gms/gms.triangle_count.soc-pokec-relationships.slice-413.champsimtrace.gz,/mnt/galactica/rahbera/tracezoo/champsim/gap/bfs-3.trace.gz,/mnt/galactica/rahbera/tracezoo/champsim/gms/gms.k_clique_count_set_based.soc-pokec-relationships.slice-34.champsimtrace.gz,/mnt/galactica/rahbera/tracezoo/champsim/gap/pr-14.trace.gz
Graph-mix1,Graph,/mnt/panzer/rahbera/pythia-dev/ChampSim/traces/ligra_PageRankDelta.com-lj.ungraph.gcc_6.3.0_O3.drop_17000M.length_250M.champsimtrace.xz,/mnt/galactica/rahbera/tracezoo/champsim/gap/bc-3.trace.gz,/mnt/galactica/rahbera/tracezoo/champsim/gms/gms.k_clique_star_list.soc-pokec-relationships.slice-696.champsimtrace.gz,/mnt/panzer/rahbera/pythia-dev/ChampSim/traces/ligra_MIS.com-lj.ungraph.gcc_6.3.0_O3.drop_21250M.length_250M.champsimtrace.xz
Graph-mix2,Graph,/mnt/galactica/rahbera/tracezoo/champsim/gap/bc-5.trace.gz,/mnt/galactica/rahbera/tracezoo/champsim/gms/gms.k_clique_list_danisch_node_parallel.soc-pokec-relationships.slice-497.champsimtrace.gz,/mnt/panzer/rahbera/pythia-dev/ChampSim/traces/ligra_Components.com-lj.ungraph.gcc_6.3.0_O3.drop_15750M.length_250M.champsimtrace.xz,/mnt/panzer/rahbera/pythia-dev/ChampSim/traces/ligra_BellmanFord.com-lj.ungraph.gcc_6.3.0_O3.drop_22250M.length_250M.champsimtrace.xz
Graph-mix3,Graph,/mnt/galactica/rahbera/tracezoo/champsim/gms/gms.k_clique_count_set_based.soc-pokec-relationships.slice-665.champsimtrace.gz,/mnt/galactica/rahbera/tracezoo/champsim/gap/bfs-8.trace.gz,/mnt/galactica/rahbera/tracezoo/champsim/gms/gms.k_clique_star_list.soc-pokec-relationships.slice-1291.champsimtrace.gz,/mnt/galactica/rahbera/tracezoo/champsim/gms/gms.k_clique_list_danisch_edge_parallel.soc-pokec-relationships.slice-1748.champsimtrace.gz
Graph-mix4,Graph,/mnt/galactica/rahbera/tracezoo/champsim/gms/gms.k_clique_list_danisch_edge_parallel.soc-pokec-relationships.slice-1052.champsimtrace.gz,/mnt/galactica/rahbera/tracezoo/champsim/gms/gms.triangle_count.soc-pokec-relationships.slice-360.champsimtrace.gz,/mnt/galactica/rahbera/tracezoo/champsim/gap/pr-3.trace.gz,/mnt/galactica/rahbera/tracezoo/champsim/gap/pr-5.trace.gz
Graph-mix5,Graph,/mnt/galactica/rahbera/tracezoo/champsim/gms/gms.triangle_count.soc-pokec-relationships.slice-413.champsimtrace.gz,/mnt/galactica/rahbera/tracezoo/champsim/gap/bfs-10.trace.gz,/mnt/panzer/rahbera/pythia-dev/ChampSim/traces/ligra_BellmanFord.com-lj.ungraph.gcc_6.3.0_O3.drop_22250M.length_250M.champsimtrace.xz,/mnt/galactica/rahbera/tracezoo/champsim/gms/gms.k_clique_count_set_based.soc-pokec-relationships.slice-110.champsimtrace.gz
Graph-mix6,Graph,/mnt/galactica/rahbera/tracezoo/champsim/gms/gms.subgraphiso_vf2_sequential.soc-pokec-relationships.slice-6.champsimtrace.gz,/mnt/galactica/rahbera/tracezoo/champsim/gms/gms.triangle_count.soc-pokec-relationships.slice-599.champsimtrace.gz,/mnt/galactica/rahbera/tracezoo/champsim/gms/gms.triangle_count.soc-pokec-relationships.slice-137.champsimtrace.gz,/mnt/panzer/rahbera/pythia-dev/ChampSim/traces/ligra_BellmanFord.com-lj.ungraph.gcc_6.3.0_O3.drop_22250M.length_250M.champsimtrace.xz
Graph-mix7,Graph,/mnt/panzer/rahbera/pythia-dev/ChampSim/traces/ligra_PageRankDelta.com-lj.ungraph.gcc_6.3.0_O3.drop_6000M.length_250M.champsimtrace.xz,/mnt/galactica/rahbera/tracezoo/champsim/gms/gms.k_clique_list_danisch_edge_parallel.soc-pokec-relationships.slice-784.champsimtrace.gz,/mnt/panzer/rahbera/pythia-dev/ChampSim/traces/ligra_BFSCC.com-lj.ungraph.gcc_6.3.0_O3.drop_15500M.length_250M.champsimtrace.xz,/mnt/galactica/rahbera/tracezoo/champsim/gap/cc-13.trace.gz
Graph-mix8,Graph,/mnt/galactica/rahbera/tracezoo/champsim/gms/gms.k_clique_list_danisch_edge_parallel.soc-pokec-relationships.slice-784.champsimtrace.gz,/mnt/galactica/rahbera/tracezoo/champsim/gms/gms.k_clique_star_list.soc-pokec-relationships.slice-696.champsimtrace.gz,/mnt/galactica/rahbera/tracezoo/champsim/gms/gms.maximal_clique_enum_bron_kerbosch.soc-pokec-relationships.slice-3852.champsimtrace.gz,/mnt/galactica/rahbera/tracezoo/champsim/gms/gms.k_clique_count_set_based.soc-pokec-relationships.slice-665.champsimtrace.gz
Graph-mix9,Graph,/mnt/galactica/rahbera/tracezoo/champsim/gap/pr-3.trace.gz,/mnt/panzer/rahbera/pythia-dev/ChampSim/traces/ligra_Components-Shortcut.com-lj.ungraph.gcc_6.3.0_O3.drop_22000M.length_250M.champsimtrace.xz,/mnt/galactica/rahbera/tracezoo/champsim/gms/gms.k_clique_count_set_based.soc-pokec-relationships.slice-953.champsimtrace.gz,/mnt/galactica/rahbera/tracezoo/champsim/gap/cc-14.trace.gz
Graph-mix10,Graph,/mnt/panzer/rahbera/pythia-dev/ChampSim/traces/ligra_CF.com-lj.ungraph.gcc_6.3.0_O3.drop_184750M.length_250M.champsimtrace.xz,/mnt/galactica/rahbera/tracezoo/champsim/gap/bc-5.trace.gz,/mnt/galactica/rahbera/tracezoo/champsim/gms/gms.k_clique_list_danisch_serial.soc-pokec-relationships.slice-48.champsimtrace.gz,/mnt/galactica/rahbera/tracezoo/champsim/gms/gms.k_clique_count_set_based.soc-pokec-relationships.slice-665.champsimtrace.gz
Graph-mix11,Graph,/mnt/galactica/rahbera/tracezoo/champsim/gap/bfs-3.trace.gz,/mnt/panzer/rahbera/pythia-dev/ChampSim/traces/ligra_Radii.com-lj.ungraph.gcc_6.3.0_O3.drop_25000M.length_250M.champsimtrace.xz,/mnt/galactica/rahbera/tracezoo/champsim/gms/gms.subgraphiso_vf2_sequential.soc-pokec-relationships.slice-1.champsimtrace.gz,/mnt/panzer/rahbera/pythia-dev/ChampSim/traces/ligra_BFSCC.com-lj.ungraph.gcc_6.3.0_O3.drop_15500M.length_250M.champsimtrace.xz
Graph-mix12,Graph,/mnt/panzer/rahbera/pythia-dev/ChampSim/traces/ligra_CF.com-lj.ungraph.gcc_6.3.0_O3.drop_184750M.length_250M.champsimtrace.xz,/mnt/galactica/rahbera/tracezoo/champsim/gap/bfs-14.trace.gz,/mnt/galactica/rahbera/tracezoo/champsim/gms/gms.k_clique_list_danisch_edge_parallel.soc-pokec-relationships.slice-80.champsimtrace.gz,/mnt/galactica/rahbera/tracezoo/champsim/gms/gms.k_clique_star_list.soc-pokec-relationships.slice-1035.champsimtrace.gz
Graph-mix13,Graph,/mnt/panzer/rahbera/pythia-dev/ChampSim/traces/ligra_PageRankDelta.com-lj.ungraph.gcc_6.3.0_O3.drop_6000M.length_250M.champsimtrace.xz,/mnt/galactica/rahbera/tracezoo/champsim/gms/gms.k_clique_star_list.soc-pokec-relationships.slice-1291.champsimtrace.gz,/mnt/galactica/rahbera/tracezoo/champsim/gap/cc-5.trace.gz,/mnt/galactica/rahbera/tracezoo/champsim/gap/bfs-10.trace.gz
Graph-mix14,Graph,/mnt/galactica/rahbera/tracezoo/champsim/gms/gms.k_clique_list_danisch_serial.soc-pokec-relationships.slice-28.champsimtrace.gz,/mnt/galactica/rahbera/tracezoo/champsim/gms/gms.k_clique_count_set_based.soc-pokec-relationships.slice-473.champsimtrace.gz,/mnt/galactica/rahbera/tracezoo/champsim/gms/gms.triangle_count.soc-pokec-relationships.slice-743.champsimtrace.gz,/mnt/galactica/rahbera/tracezoo/champsim/gap/bc-12.trace.gz
Graph-mix15,Graph,/mnt/panzer/rahbera/pythia-dev/ChampSim/traces/ligra_PageRank.com-lj.ungraph.gcc_6.3.0_O3.drop_51000M.length_250M.champsimtrace.xz,/mnt/panzer/rahbera/pythia-dev/ChampSim/traces/ligra_BellmanFord.com-lj.ungraph.gcc_6.3.0_O3.drop_22250M.length_250M.champsimtrace.xz,/mnt/galactica/rahbera/tracezoo/champsim/gms/gms.k_clique_list_danisch_node_parallel.soc-pokec-relationships.slice-1469.champsimtrace.gz,/mnt/galactica/rahbera/tracezoo/champsim/gap/pr-14.trace.gz
Graph-mix16,Graph,/mnt/galactica/rahbera/tracezoo/champsim/gms/gms.triangle_count.soc-pokec-relationships.slice-137.champsimtrace.gz,/mnt/galactica/rahbera/tracezoo/champsim/gap/bc-3.trace.gz,/mnt/galactica/rahbera/tracezoo/champsim/gms/gms.maximal_clique_enum_bron_kerbosch.soc-pokec-relationships.slice-1099.champsimtrace.gz,/mnt/galactica/rahbera/tracezoo/champsim/gms/gms.k_clique_count_set_based.soc-pokec-relationships.slice-807.champsimtrace.gz
Graph-mix17,Graph,/mnt/panzer/rahbera/pythia-dev/ChampSim/traces/ligra_Components-Shortcut.com-lj.ungraph.gcc_6.3.0_O3.drop_17000M.length_250M.champsimtrace.xz,/mnt/galactica/rahbera/tracezoo/champsim/gap/cc-13.trace.gz,/mnt/galactica/rahbera/tracezoo/champsim/gms/gms.k_clique_list_danisch_node_parallel.soc-pokec-relationships.slice-236.champsimtrace.gz,/mnt/galactica/rahbera/tracezoo/champsim/gms/gms.k_clique_count_set_based.soc-pokec-relationships.slice-1089.champsimtrace.gz
Graph-mix18,Graph,/mnt/panzer/rahbera/pythia-dev/ChampSim/traces/ligra_Radii.com-lj.ungraph.gcc_6.3.0_O3.drop_24500M.length_250M.champsimtrace.xz,/mnt/galactica/rahbera/tracezoo/champsim/gap/pr-3.trace.gz,/mnt/panzer/rahbera/pythia-dev/ChampSim/traces/ligra_Radii.com-lj.ungraph.gcc_6.3.0_O3.drop_25000M.length_250M.champsimtrace.xz,/mnt/galactica/rahbera/tracezoo/champsim/gms/gms.triangle_count.soc-pokec-relationships.slice-360.champsimtrace.gz
Graph-mix19,Graph,/mnt/galactica/rahbera/tracezoo/champsim/gms/gms.k_clique_list_danisch_edge_parallel.soc-pokec-relationships.slice-756.champsimtrace.gz,/mnt/galactica/rahbera/tracezoo/champsim/gap/bc-0.trace.gz,/mnt/panzer/rahbera/pythia-dev/ChampSim/traces/ligra_MIS.com-lj.ungraph.gcc_6.3.0_O3.drop_21250M.length_250M.champsimtrace.xz,/mnt/galactica/rahbera/tracezoo/champsim/gap/pr-14.trace.gz
Graph-mix20,Graph,/mnt/panzer/rahbera/pythia-dev/ChampSim/traces/ligra_PageRankDelta.com-lj.ungraph.gcc_6.3.0_O3.drop_24000M.length_250M.champsimtrace.xz,/mnt/galactica/rahbera/tracezoo/champsim/gms/gms.k_clique_list_danisch_serial.soc-pokec-relationships.slice-28.champsimtrace.gz,/mnt/panzer/rahbera/pythia-dev/ChampSim/traces/ligra_Radii.com-lj.ungraph.gcc_6.3.0_O3.drop_25000M.length_250M.champsimtrace.xz,/mnt/galactica/rahbera/tracezoo/champsim/gap/bc-12.trace.gz
Graph-mix21,Graph,/mnt/galactica/rahbera/tracezoo/champsim/gms/gms.triangle_count.soc-pokec-relationships.slice-117.champsimtrace.gz,/mnt/galactica/rahbera/tracezoo/champsim/gms/gms.k_clique_count_set_based.soc-pokec-relationships.slice-4.champsimtrace.gz,/mnt/galactica/rahbera/tracezoo/champsim/gms/gms.k_clique_list_danisch_node_parallel.soc-pokec-relationships.slice-248.champsimtrace.gz,/mnt/galactica/rahbera/tracezoo/champsim/gms/gms.k_clique_list_danisch_edge_parallel.soc-pokec-relationships.slice-389.champsimtrace.gz
Graph-mix22,Graph,/mnt/panzer/rahbera/pythia-dev/ChampSim/traces/ligra_PageRankDelta.com-lj.ungraph.gcc_6.3.0_O3.drop_6000M.length_250M.champsimtrace.xz,/mnt/galactica/rahbera/tracezoo/champsim/gap/bfs-10.trace.gz,/mnt/galactica/rahbera/tracezoo/champsim/gms/gms.k_clique_list_danisch_edge_parallel.soc-pokec-relationships.slice-911.champsimtrace.gz,/mnt/galactica/rahbera/tracezoo/champsim/gms/gms.maximal_clique_enum_bron_kerbosch.soc-pokec-relationships.slice-3852.champsimtrace.gz
Graph-mix23,Graph,/mnt/galactica/rahbera/tracezoo/champsim/gms/gms.k_clique_list_danisch_serial.soc-pokec-relationships.slice-28.champsimtrace.gz,/mnt/galactica/rahbera/tracezoo/champsim/gap/bc-3.trace.gz,/mnt/galactica/rahbera/tracezoo/champsim/gms/gms.k_clique_count_set_based.soc-pokec-relationships.slice-4.champsimtrace.gz,/mnt/galactica/rahbera/tracezoo/champsim/gms/gms.k_clique_list_danisch_node_parallel.soc-pokec-relationships.slice-248.champsimtrace.gz
Graph-mix24,Graph,/mnt/galactica/rahbera/tracezoo/champsim/gms/gms.k_clique_list_danisch_serial.soc-pokec-relationships.slice-56.champsimtrace.gz,/mnt/galactica/rahbera/tracezoo/champsim/gms/gms.k_clique_list_danisch_node_parallel.soc-pokec-relationships.slice-248.champsimtrace.gz,/mnt/panzer/rahbera/pythia-dev/ChampSim/traces/ligra_PageRankDelta.com-lj.ungraph.gcc_6.3.0_O3.drop_17000M.length_250M.champsimtrace.xz,/mnt/galactica/rahbera/tracezoo/champsim/gms/gms.k_clique_list_danisch_edge_parallel.soc-pokec-relationships.slice-80.champsimtrace.gz
Graph-mix25,Graph,/mnt/panzer/rahbera/pythia-dev/ChampSim/traces/ligra_BellmanFord.com-lj.ungraph.gcc_6.3.0_O3.drop_22250M.length_250M.champsimtrace.xz,/mnt/galactica/rahbera/tracezoo/champsim/gms/gms.subgraphiso_vf2_sequential.soc-pokec-relationships.slice-1.champsimtrace.gz,/mnt/galactica/rahbera/tracezoo/champsim/gms/gms.k_clique_star_list.soc-pokec-relationships.slice-1291.champsimtrace.gz,/mnt/galactica/rahbera/tracezoo/champsim/gap/sssp-14.trace.gz
Graph-mix26,Graph,/mnt/panzer/rahbera/pythia-dev/ChampSim/traces/ligra_CF.com-lj.ungraph.gcc_6.3.0_O3.drop_154750M.length_250M.champsimtrace.xz,/mnt/galactica/rahbera/tracezoo/champsim/gap/cc-5.trace.gz,/mnt/galactica/rahbera/tracezoo/champsim/gms/gms.k_clique_list_danisch_edge_parallel.soc-pokec-relationships.slice-756.champsimtrace.gz,/mnt/galactica/rahbera/tracezoo/champsim/gms/gms.k_clique_list_danisch_serial.soc-pokec-relationships.slice-37.champsimtrace.gz
Graph-mix27,Graph,/mnt/galactica/rahbera/tracezoo/champsim/gms/gms.subgraphiso_vf2_sequential.soc-pokec-relationships.slice-6.champsimtrace.gz,/mnt/panzer/rahbera/pythia-dev/ChampSim/traces/ligra_BellmanFord.com-lj.ungraph.gcc_6.3.0_O3.drop_22250M.length_250M.champsimtrace.xz,/mnt/galactica/rahbera/tracezoo/champsim/gap/pr-14.trace.gz,/mnt/galactica/rahbera/tracezoo/champsim/gap/bc-12.trace.gz
Graph-mix28,Graph,/mnt/galactica/rahbera/tracezoo/champsim/gms/gms.k_clique_count_set_based.soc-pokec-relationships.slice-473.champsimtrace.gz,/mnt/galactica/rahbera/tracezoo/champsim/gap/sssp-5.trace.gz,/mnt/panzer/rahbera/pythia-dev/ChampSim/traces/ligra_Components-Shortcut.com-lj.ungraph.gcc_6.3.0_O3.drop_22000M.length_250M.champsimtrace.xz,/mnt/galactica/rahbera/tracezoo/champsim/gap/cc-13.trace.gz
Graph-mix29,Graph,/mnt/galactica/rahbera/tracezoo/champsim/gap/bfs-10.trace.gz,/mnt/galactica/rahbera/tracezoo/champsim/gms/gms.k_clique_list_danisch_edge_parallel.soc-pokec-relationships.slice-389.champsimtrace.gz,/mnt/galactica/rahbera/tracezoo/champsim/gap/pr-3.trace.gz,/mnt/galactica/rahbera/tracezoo/champsim/gms/gms.maximal_clique_enum_bron_kerbosch.soc-pokec-relationships.slice-4814.champsimtrace.gz
Graph-mix30,Graph,/mnt/panzer/rahbera/pythia-dev/ChampSim/traces/ligra_CF.com-lj.ungraph.gcc_6.3.0_O3.drop_184750M.length_250M.champsimtrace.xz,/mnt/galactica/rahbera/tracezoo/champsim/gms/gms.triangle_count.soc-pokec-relationships.slice-743.champsimtrace.gz,/mnt/panzer/rahbera/pythia-dev/ChampSim/traces/ligra_Radii.com-lj.ungraph.gcc_6.3.0_O3.drop_25000M.length_250M.champsimtrace.xz,/mnt/panzer/rahbera/pythia-dev/ChampSim/traces/ligra_MIS.com-lj.ungraph.gcc_6.3.0_O3.drop_15750M.length_250M.champsimtrace.xz
Graph-mix31,Graph,/mnt/galactica/rahbera/tracezoo/champsim/gms/gms.k_clique_list_danisch_node_parallel.soc-pokec-relationships.slice-236.champsimtrace.gz,/mnt/panzer/rahbera/pythia-dev/ChampSim/traces/ligra_BFSCC.com-lj.ungraph.gcc_6.3.0_O3.drop_15500M.length_250M.champsimtrace.xz,/mnt/galactica/rahbera/tracezoo/champsim/gap/sssp-14.trace.gz,/mnt/galactica/rahbera/tracezoo/champsim/gms/gms.maximal_clique_enum_bron_kerbosch.soc-pokec-relationships.slice-1099.champsimtrace.gz
Graph-mix32,Graph,/mnt/galactica/rahbera/tracezoo/champsim/gms/gms.maximal_clique_enum_bron_kerbosch.soc-pokec-relationships.slice-4814.champsimtrace.gz,/mnt/panzer/rahbera/pythia-dev/ChampSim/traces/ligra_Components.com-lj.ungraph.gcc_6.3.0_O3.drop_15750M.length_250M.champsimtrace.xz,/mnt/galactica/rahbera/tracezoo/champsim/gap/pr-14.trace.gz,/mnt/galactica/rahbera/tracezoo/champsim/gap/bc-5.trace.gz
Graph-mix33,Graph,/mnt/galactica/rahbera/tracezoo/champsim/gms/gms.k_clique_count_set_based.soc-pokec-relationships.slice-953.champsimtrace.gz,/mnt/galactica/rahbera/tracezoo/champsim/gms/gms.k_clique_list_danisch_node_parallel.soc-pokec-relationships.slice-497.champsimtrace.gz,/mnt/galactica/rahbera/tracezoo/champsim/gms/gms.subgraphiso_vf2_sequential.soc-pokec-relationships.slice-21.champsimtrace.gz,/mnt/galactica/rahbera/tracezoo/champsim/gms/gms.k_clique_count_set_based.soc-pokec-relationships.slice-34.champsimtrace.gz
Graph-mix34,Graph,/mnt/galactica/rahbera/tracezoo/champsim/gap/cc-14.trace.gz,/mnt/galactica/rahbera/tracezoo/champsim/gms/gms.k_clique_star_list.soc-pokec-relationships.slice-1291.champsimtrace.gz,/mnt/galactica/rahbera/tracezoo/champsim/gms/gms.maximal_clique_enum_bron_kerbosch.soc-pokec-relationships.slice-3852.champsimtrace.gz,/mnt/galactica/rahbera/tracezoo/champsim/gms/gms.k_clique_count_set_based.soc-pokec-relationships.slice-665.champsimtrace.gz
Graph-mix35,Graph,/mnt/galactica/rahbera/tracezoo/champsim/gms/gms.k_clique_list_danisch_edge_parallel.soc-pokec-relationships.slice-389.champsimtrace.gz,/mnt/galactica/rahbera/tracezoo/champsim/gms/gms.k_clique_list_danisch_serial.soc-pokec-relationships.slice-48.champsimtrace.gz,/mnt/galactica/rahbera/tracezoo/champsim/gms/gms.k_clique_count_set_based.soc-pokec-relationships.slice-110.champsimtrace.gz,/mnt/panzer/rahbera/pythia-dev/ChampSim/traces/ligra_Radii.com-lj.ungraph.gcc_6.3.0_O3.drop_25000M.length_250M.champsimtrace.xz
Graph-mix36,Graph,/mnt/galactica/rahbera/tracezoo/champsim/gms/gms.k_clique_count_set_based.soc-pokec-relationships.slice-665.champsimtrace.gz,/mnt/galactica/rahbera/tracezoo/champsim/gms/gms.k_clique_list_danisch_serial.soc-pokec-relationships.slice-37.champsimtrace.gz,/mnt/galactica/rahbera/tracezoo/champsim/gms/gms.k_clique_list_danisch_node_parallel.soc-pokec-relationships.slice-497.champsimtrace.gz,/mnt/galactica/rahbera/tracezoo/champsim/gms/gms.k_clique_count_set_based.soc-pokec-relationships.slice-34.champsimtrace.gz
Graph-mix37,Graph,/mnt/galactica/rahbera/tracezoo/champsim/gms/gms.k_clique_list_danisch_serial.soc-pokec-relationships.slice-28.champsimtrace.gz,/mnt/galactica/rahbera/tracezoo/champsim/gms/gms.subgraphiso_vf2_sequential.soc-pokec-relationships.slice-27.champsimtrace.gz,/mnt/galactica/rahbera/tracezoo/champsim/gms/gms.triangle_count.soc-pokec-relationships.slice-413.champsimtrace.gz,/mnt/galactica/rahbera/tracezoo/champsim/gap/sssp-10.trace.gz
Graph-mix38,Graph,/mnt/galactica/rahbera/tracezoo/champsim/gms/gms.triangle_count.soc-pokec-relationships.slice-360.champsimtrace.gz,/mnt/panzer/rahbera/pythia-dev/ChampSim/traces/ligra_BellmanFord.com-lj.ungraph.gcc_6.3.0_O3.drop_22250M.length_250M.champsimtrace.xz,/mnt/galactica/rahbera/tracezoo/champsim/gms/gms.subgraphiso_vf2_sequential.soc-pokec-relationships.slice-1.champsimtrace.gz,/mnt/galactica/rahbera/tracezoo/champsim/gms/gms.subgraphiso_vf2_sequential.soc-pokec-relationships.slice-27.champsimtrace.gz
Graph-mix39,Graph,/mnt/galactica/rahbera/tracezoo/champsim/gms/gms.k_clique_count_set_based.soc-pokec-relationships.slice-34.champsimtrace.gz,/mnt/galactica/rahbera/tracezoo/champsim/gms/gms.k_clique_count_set_based.soc-pokec-relationships.slice-665.champsimtrace.gz,/mnt/galactica/rahbera/tracezoo/champsim/gms/gms.triangle_count.soc-pokec-relationships.slice-677.champsimtrace.gz,/mnt/galactica/rahbera/tracezoo/champsim/gap/cc-13.trace.gz
Graph-mix40,Graph,/mnt/galactica/rahbera/tracezoo/champsim/gms/gms.k_clique_list_danisch_serial.soc-pokec-relationships.slice-56.champsimtrace.gz,/mnt/galactica/rahbera/tracezoo/champsim/gms/gms.k_clique_count_set_based.soc-pokec-relationships.slice-953.champsimtrace.gz,/mnt/galactica/rahbera/tracezoo/champsim/gms/gms.subgraphiso_vf2_sequential.soc-pokec-relationships.slice-27.champsimtrace.gz,/mnt/panzer/rahbera/pythia-dev/ChampSim/traces/ligra_BellmanFord.com-lj.ungraph.gcc_6.3.0_O3.drop_22250M.length_250M.champsimtrace.xz
Graph-mix41,Graph,/mnt/panzer/rahbera/pythia-dev/ChampSim/traces/ligra_BFSCC.com-lj.ungraph.gcc_6.3.0_O3.drop_15500M.length_250M.champsimtrace.xz,/mnt/galactica/rahbera/tracezoo/champsim/gap/sssp-14.trace.gz,/mnt/panzer/rahbera/pythia-dev/ChampSim/traces/ligra_PageRankDelta.com-lj.ungraph.gcc_6.3.0_O3.drop_24000M.length_250M.champsimtrace.xz,/mnt/galactica/rahbera/tracezoo/champsim/gap/bfs-3.trace.gz
Graph-mix42,Graph,/mnt/panzer/rahbera/pythia-dev/ChampSim/traces/ligra_Components-Shortcut.com-lj.ungraph.gcc_6.3.0_O3.drop_22000M.length_250M.champsimtrace.xz,/mnt/galactica/rahbera/tracezoo/champsim/gms/gms.k_clique_list_danisch_edge_parallel.soc-pokec-relationships.slice-80.champsimtrace.gz,/mnt/panzer/rahbera/pythia-dev/ChampSim/traces/ligra_CF.com-lj.ungraph.gcc_6.3.0_O3.drop_184750M.length_250M.champsimtrace.xz,/mnt/panzer/rahbera/pythia-dev/ChampSim/traces/ligra_Triangle.com-lj.ungraph.gcc_6.3.0_O3.drop_25000M.length_250M.champsimtrace.xz
Graph-mix43,Graph,/mnt/galactica/rahbera/tracezoo/champsim/gap/bc-0.trace.gz,/mnt/galactica/rahbera/tracezoo/champsim/gms/gms.k_clique_count_set_based.soc-pokec-relationships.slice-4.champsimtrace.gz,/mnt/panzer/rahbera/pythia-dev/ChampSim/traces/ligra_BFSCC.com-lj.ungraph.gcc_6.3.0_O3.drop_17000M.length_250M.champsimtrace.xz,/mnt/panzer/rahbera/pythia-dev/ChampSim/traces/ligra_CF.com-lj.ungraph.gcc_6.3.0_O3.drop_154750M.length_250M.champsimtrace.xz
Graph-mix44,Graph,/mnt/panzer/rahbera/pythia-dev/ChampSim/traces/ligra_Radii.com-lj.ungraph.gcc_6.3.0_O3.drop_25000M.length_250M.champsimtrace.xz,/mnt/panzer/rahbera/pythia-dev/ChampSim/traces/ligra_Components.com-lj.ungraph.gcc_6.3.0_O3.drop_15750M.length_250M.champsimtrace.xz,/mnt/panzer/rahbera/pythia-dev/ChampSim/traces/ligra_MIS.com-lj.ungraph.gcc_6.3.0_O3.drop_21250M.length_250M.champsimtrace.xz,/mnt/galactica/rahbera/tracezoo/champsim/gap/cc-5.trace.gz
Graph-mix45,Graph,/mnt/galactica/rahbera/tracezoo/champsim/gap/sssp-14.trace.gz,/mnt/galactica/rahbera/tracezoo/champsim/gap/bc-12.trace.gz,/mnt/galactica/rahbera/tracezoo/champsim/gms/gms.triangle_count.soc-pokec-relationships.slice-137.champsimtrace.gz,/mnt/galactica/rahbera/tracezoo/champsim/gms/gms.k_clique_list_danisch_node_parallel.soc-pokec-relationships.slice-236.champsimtrace.gz
Graph-mix46,Graph,/mnt/galactica/rahbera/tracezoo/champsim/gms/gms.triangle_count.soc-pokec-relationships.slice-137.champsimtrace.gz,/mnt/panzer/rahbera/pythia-dev/ChampSim/traces/ligra_PageRankDelta.com-lj.ungraph.gcc_6.3.0_O3.drop_6000M.length_250M.champsimtrace.xz,/mnt/galactica/rahbera/tracezoo/champsim/gms/gms.k_clique_list_danisch_serial.soc-pokec-relationships.slice-28.champsimtrace.gz,/mnt/galactica/rahbera/tracezoo/champsim/gms/gms.k_clique_list_danisch_edge_parallel.soc-pokec-relationships.slice-1748.champsimtrace.gz
Graph-mix47,Graph,/mnt/galactica/rahbera/tracezoo/champsim/gms/gms.k_clique_list_danisch_edge_parallel.soc-pokec-relationships.slice-911.champsimtrace.gz,/mnt/panzer/rahbera/pythia-dev/ChampSim/traces/ligra_PageRankDelta.com-lj.ungraph.gcc_6.3.0_O3.drop_24000M.length_250M.champsimtrace.xz,/mnt/galactica/rahbera/tracezoo/champsim/gms/gms.k_clique_list_danisch_node_parallel.soc-pokec-relationships.slice-497.champsimtrace.gz,/mnt/galactica/rahbera/tracezoo/champsim/gms/gms.k_clique_list_danisch_edge_parallel.soc-pokec-relationships.slice-80.champsimtrace.gz
Graph-mix48,Graph,/mnt/galactica/rahbera/tracezoo/champsim/gap/sssp-5.trace.gz,/mnt/panzer/rahbera/pythia-dev/ChampSim/traces/ligra_Radii.com-lj.ungraph.gcc_6.3.0_O3.drop_24500M.length_250M.champsimtrace.xz,/mnt/panzer/rahbera/pythia-dev/ChampSim/traces/ligra_PageRankDelta.com-lj.ungraph.gcc_6.3.0_O3.drop_24000M.length_250M.champsimtrace.xz,/mnt/panzer/rahbera/pythia-dev/ChampSim/traces/ligra_Components.com-lj.ungraph.gcc_6.3.0_O3.drop_15750M.length_250M.champsimtrace.xz
Graph-mix49,Graph,/mnt/galactica/rahbera/tracezoo/champsim/gap/pr-10.trace.gz,/mnt/galactica/rahbera/tracezoo/champsim/gms/gms.k_clique_list_danisch_edge_parallel.soc-pokec-relationships.slice-389.champsimtrace.gz,/mnt/galactica/rahbera/tracezoo/champsim/gap/pr-3.trace.gz,/mnt/galactica/rahbera/tracezoo/champsim/gms/gms.maximal_clique_enum_bron_kerbosch.soc-pokec-relationships.slice-1099.champsimtrace.gz
Graph-mix50,Graph,/mnt/panzer/rahbera/pythia-dev/ChampSim/traces/ligra_Radii.com-lj.ungraph.gcc_6.3.0_O3.drop_24500M.length_250M.champsimtrace.xz,/mnt/galactica/rahbera/tracezoo/champsim/gap/sssp-5.trace.gz,/mnt/galactica/rahbera/tracezoo/champsim/gap/pr-5.trace.gz,/mnt/galactica/rahbera/tracezoo/champsim/gap/sssp-3.trace.gz
Graph-mix51,Graph,/mnt/panzer/rahbera/pythia-dev/ChampSim/traces/ligra_MIS.com-lj.ungraph.gcc_6.3.0_O3.drop_21250M.length_250M.champsimtrace.xz,/mnt/galactica/rahbera/tracezoo/champsim/gms/gms.triangle_count.soc-pokec-relationships.slice-599.champsimtrace.gz,/mnt/galactica/rahbera/tracezoo/champsim/gms/gms.k_clique_count_set_based.soc-pokec-relationships.slice-473.champsimtrace.gz,/mnt/galactica/rahbera/tracezoo/champsim/gms/gms.k_clique_list_danisch_node_parallel.soc-pokec-relationships.slice-248.champsimtrace.gz
Graph-mix52,Graph,/mnt/galactica/rahbera/tracezoo/champsim/gap/pr-5.trace.gz,/mnt/galactica/rahbera/tracezoo/champsim/gms/gms.k_clique_list_danisch_edge_parallel.soc-pokec-relationships.slice-911.champsimtrace.gz,/mnt/galactica/rahbera/tracezoo/champsim/gms/gms.k_clique_list_danisch_node_parallel.soc-pokec-relationships.slice-236.champsimtrace.gz,/mnt/galactica/rahbera/tracezoo/champsim/gap/bfs-3.trace.gz
Graph-mix53,Graph,/mnt/galactica/rahbera/tracezoo/champsim/gms/gms.k_clique_count_set_based.soc-pokec-relationships.slice-473.champsimtrace.gz,/mnt/panzer/rahbera/pythia-dev/ChampSim/traces/ligra_Components-Shortcut.com-lj.ungraph.gcc_6.3.0_O3.drop_22000M.length_250M.champsimtrace.xz,/mnt/panzer/rahbera/pythia-dev/ChampSim/traces/ligra_Components.com-lj.ungraph.gcc_6.3.0_O3.drop_15750M.length_250M.champsimtrace.xz,/mnt/galactica/rahbera/tracezoo/champsim/gap/cc-14.trace.gz
Graph-mix54,Graph,/mnt/panzer/rahbera/pythia-dev/ChampSim/traces/ligra_Radii.com-lj.ungraph.gcc_6.3.0_O3.drop_25000M.length_250M.champsimtrace.xz,/mnt/panzer/rahbera/pythia-dev/ChampSim/traces/ligra_MIS.com-lj.ungraph.gcc_6.3.0_O3.drop_21250M.length_250M.champsimtrace.xz,/mnt/galactica/rahbera/tracezoo/champsim/gms/gms.k_clique_list_danisch_edge_parallel.soc-pokec-relationships.slice-1748.champsimtrace.gz,/mnt/galactica/rahbera/tracezoo/champsim/gms/gms.subgraphiso_vf2_sequential.soc-pokec-relationships.slice-21.champsimtrace.gz
Graph-mix55,Graph,/mnt/panzer/rahbera/pythia-dev/ChampSim/traces/ligra_Components.com-lj.ungraph.gcc_6.3.0_O3.drop_15750M.length_250M.champsimtrace.xz,/mnt/galactica/rahbera/tracezoo/champsim/gms/gms.k_clique_star_list.soc-pokec-relationships.slice-1035.champsimtrace.gz,/mnt/galactica/rahbera/tracezoo/champsim/gap/pr-10.trace.gz,/mnt/panzer/rahbera/pythia-dev/ChampSim/traces/ligra_Components-Shortcut.com-lj.ungraph.gcc_6.3.0_O3.drop_17000M.length_250M.champsimtrace.xz
Graph-mix56,Graph,/mnt/galactica/rahbera/tracezoo/champsim/gms/gms.k_clique_list_danisch_edge_parallel.soc-pokec-relationships.slice-911.champsimtrace.gz,/mnt/galactica/rahbera/tracezoo/champsim/gms/gms.k_clique_list_danisch_edge_parallel.soc-pokec-relationships.slice-389.champsimtrace.gz,/mnt/panzer/rahbera/pythia-dev/ChampSim/traces/ligra_MIS.com-lj.ungraph.gcc_6.3.0_O3.drop_21250M.length_250M.champsimtrace.xz,/mnt/galactica/rahbera/tracezoo/champsim/gms/gms.maximal_clique_enum_bron_kerbosch.soc-pokec-relationships.slice-4814.champsimtrace.gz
Graph-mix57,Graph,/mnt/galactica/rahbera/tracezoo/champsim/gms/gms.triangle_count.soc-pokec-relationships.slice-413.champsimtrace.gz,/mnt/panzer/rahbera/pythia-dev/ChampSim/traces/ligra_BFSCC.com-lj.ungraph.gcc_6.3.0_O3.drop_17000M.length_250M.champsimtrace.xz,/mnt/panzer/rahbera/pythia-dev/ChampSim/traces/ligra_PageRank.com-lj.ungraph.gcc_6.3.0_O3.drop_51000M.length_250M.champsimtrace.xz,/mnt/panzer/rahbera/pythia-dev/ChampSim/traces/ligra_BFSCC.com-lj.ungraph.gcc_6.3.0_O3.drop_15500M.length_250M.champsimtrace.xz
Graph-mix58,Graph,/mnt/galactica/rahbera/tracezoo/champsim/gap/pr-3.trace.gz,/mnt/galactica/rahbera/tracezoo/champsim/gap/bc-12.trace.gz,/mnt/galactica/rahbera/tracezoo/champsim/gms/gms.k_clique_count_set_based.soc-pokec-relationships.slice-34.champsimtrace.gz,/mnt/galactica/rahbera/tracezoo/champsim/gap/bc-0.trace.gz
Graph-mix59,Graph,/mnt/galactica/rahbera/tracezoo/champsim/gms/gms.k_clique_list_danisch_edge_parallel.soc-pokec-relationships.slice-784.champsimtrace.gz,/mnt/galactica/rahbera/tracezoo/champsim/gms/gms.k_clique_list_danisch_edge_parallel.soc-pokec-relationships.slice-756.champsimtrace.gz,/mnt/galactica/rahbera/tracezoo/champsim/gap/bc-3.trace.gz,/mnt/galactica/rahbera/tracezoo/champsim/gms/gms.k_clique_star_list.soc-pokec-relationships.slice-1035.champsimtrace.gz
Graph-mix60,Graph,/mnt/galactica/rahbera/tracezoo/champsim/gms/gms.k_clique_count_set_based.soc-pokec-relationships.slice-665.champsimtrace.gz,/mnt/galactica/rahbera/tracezoo/champsim/gms/gms.k_clique_list_danisch_serial.soc-pokec-relationships.slice-37.champsimtrace.gz,/mnt/galactica/rahbera/tracezoo/champsim/gap/sssp-10.trace.gz,/mnt/galactica/rahbera/tracezoo/champsim/gap/bfs-3.trace.gz
Graph-mix61,Graph,/mnt/galactica/rahbera/tracezoo/champsim/gms/gms.k_clique_list_danisch_node_parallel.soc-pokec-relationships.slice-1469.champsimtrace.gz,/mnt/galactica/rahbera/tracezoo/champsim/gms/gms.k_clique_count_set_based.soc-pokec-relationships.slice-4.champsimtrace.gz,/mnt/galactica/rahbera/tracezoo/champsim/gms/gms.triangle_count.soc-pokec-relationships.slice-413.champsimtrace.gz,/mnt/galactica/rahbera/tracezoo/champsim/gms/gms.triangle_count.soc-pokec-relationships.slice-677.champsimtrace.gz
Graph-mix62,Graph,/mnt/panzer/rahbera/pythia-dev/ChampSim/traces/ligra_PageRankDelta.com-lj.ungraph.gcc_6.3.0_O3.drop_24000M.length_250M.champsimtrace.xz,/mnt/galactica/rahbera/tracezoo/champsim/gms/gms.k_clique_list_danisch_edge_parallel.soc-pokec-relationships.slice-389.champsimtrace.gz,/mnt/galactica/rahbera/tracezoo/champsim/gms/gms.k_clique_list_danisch_node_parallel.soc-pokec-relationships.slice-744.champsimtrace.gz,/mnt/galactica/rahbera/tracezoo/champsim/gms/gms.k_clique_count_set_based.soc-pokec-relationships.slice-4.champsimtrace.gz
Graph-mix63,Graph,/mnt/galactica/rahbera/tracezoo/champsim/gap/pr-3.trace.gz,/mnt/galactica/rahbera/tracezoo/champsim/gms/gms.k_clique_count_set_based.soc-pokec-relationships.slice-953.champsimtrace.gz,/mnt/galactica/rahbera/tracezoo/champsim/gap/cc-14.trace.gz,/mnt/galactica/rahbera/tracezoo/champsim/gms/gms.k_clique_count_set_based.soc-pokec-relationships.slice-665.champsimtrace.gz
Graph-mix64,Graph,/mnt/galactica/rahbera/tracezoo/champsim/gms/gms.k_clique_list_danisch_edge_parallel.soc-pokec-relationships.slice-1052.champsimtrace.gz,/mnt/galactica/rahbera/tracezoo/champsim/gms/gms.k_clique_list_danisch_node_parallel.soc-pokec-relationships.slice-497.champsimtrace.gz,/mnt/galactica/rahbera/tracezoo/champsim/gms/gms.k_clique_count_set_based.soc-pokec-relationships.slice-34.champsimtrace.gz,/mnt/galactica/rahbera/tracezoo/champsim/gms/gms.k_clique_list_danisch_edge_parallel.soc-pokec-relationships.slice-756.champsimtrace.gz
Graph-mix65,Graph,/mnt/galactica/rahbera/tracezoo/champsim/gms/gms.triangle_count.soc-pokec-relationships.slice-360.champsimtrace.gz,/mnt/galactica/rahbera/tracezoo/champsim/gms/gms.k_clique_count_set_based.soc-pokec-relationships.slice-34.champsimtrace.gz,/mnt/galactica/rahbera/tracezoo/champsim/gap/bfs-10.trace.gz,/mnt/galactica/rahbera/tracezoo/champsim/gap/pr-10.trace.gz
Graph-mix66,Graph,/mnt/galactica/rahbera/tracezoo/champsim/gap/pr-14.trace.gz,/mnt/galactica/rahbera/tracezoo/champsim/gms/gms.k_clique_list_danisch_edge_parallel.soc-pokec-relationships.slice-1052.champsimtrace.gz,/mnt/galactica/rahbera/tracezoo/champsim/gms/gms.triangle_count.soc-pokec-relationships.slice-677.champsimtrace.gz,/mnt/galactica/rahbera/tracezoo/champsim/gms/gms.subgraphiso_vf2_sequential.soc-pokec-relationships.slice-21.champsimtrace.gz
Graph-mix67,Graph,/mnt/galactica/rahbera/tracezoo/champsim/gap/bfs-8.trace.gz,/mnt/galactica/rahbera/tracezoo/champsim/gms/gms.k_clique_list_danisch_node_parallel.soc-pokec-relationships.slice-248.champsimtrace.gz,/mnt/panzer/rahbera/pythia-dev/ChampSim/traces/ligra_MIS.com-lj.ungraph.gcc_6.3.0_O3.drop_15750M.length_250M.champsimtrace.xz,/mnt/galactica/rahbera/tracezoo/champsim/gms/gms.k_clique_count_set_based.soc-pokec-relationships.slice-665.champsimtrace.gz
Graph-mix68,Graph,/mnt/panzer/rahbera/pythia-dev/ChampSim/traces/ligra_Radii.com-lj.ungraph.gcc_6.3.0_O3.drop_24500M.length_250M.champsimtrace.xz,/mnt/galactica/rahbera/tracezoo/champsim/gap/pr-3.trace.gz,/mnt/galactica/rahbera/tracezoo/champsim/gms/gms.k_clique_list_danisch_edge_parallel.soc-pokec-relationships.slice-1748.champsimtrace.gz,/mnt/galactica/rahbera/tracezoo/champsim/gap/bfs-3.trace.gz
Graph-mix69,Graph,/mnt/galactica/rahbera/tracezoo/champsim/gms/gms.triangle_count.soc-pokec-relationships.slice-743.champsimtrace.gz,/mnt/galactica/rahbera/tracezoo/champsim/gap/bfs-14.trace.gz,/mnt/panzer/rahbera/pythia-dev/ChampSim/traces/ligra_Radii.com-lj.ungraph.gcc_6.3.0_O3.drop_25000M.length_250M.champsimtrace.xz,/mnt/galactica/rahbera/tracezoo/champsim/gms/gms.triangle_count.soc-pokec-relationships.slice-137.champsimtrace.gz
Graph-mix70,Graph,/mnt/galactica/rahbera/tracezoo/champsim/gms/gms.triangle_count.soc-pokec-relationships.slice-677.champsimtrace.gz,/mnt/panzer/rahbera/pythia-dev/ChampSim/traces/ligra_Radii.com-lj.ungraph.gcc_6.3.0_O3.drop_24500M.length_250M.champsimtrace.xz,/mnt/galactica/rahbera/tracezoo/champsim/gms/gms.k_clique_list_danisch_edge_parallel.soc-pokec-relationships.slice-1052.champsimtrace.gz,/mnt/galactica/rahbera/tracezoo/champsim/gap/bfs-3.trace.gz
Graph-mix71,Graph,/mnt/galactica/rahbera/tracezoo/champsim/gap/sssp-3.trace.gz,/mnt/galactica/rahbera/tracezoo/champsim/gms/gms.k_clique_count_set_based.soc-pokec-relationships.slice-110.champsimtrace.gz,/mnt/panzer/rahbera/pythia-dev/ChampSim/traces/ligra_MIS.com-lj.ungraph.gcc_6.3.0_O3.drop_15750M.length_250M.champsimtrace.xz,/mnt/galactica/rahbera/tracezoo/champsim/gms/gms.k_clique_count_set_based.soc-pokec-relationships.slice-665.champsimtrace.gz
Graph-mix72,Graph,/mnt/galactica/rahbera/tracezoo/champsim/gms/gms.k_clique_count_set_based.soc-pokec-relationships.slice-807.champsimtrace.gz,/mnt/galactica/rahbera/tracezoo/champsim/gms/gms.k_clique_list_danisch_node_parallel.soc-pokec-relationships.slice-744.champsimtrace.gz,/mnt/galactica/rahbera/tracezoo/champsim/gap/sssp-5.trace.gz,/mnt/galactica/rahbera/tracezoo/champsim/gap/pr-10.trace.gz
Graph-mix73,Graph,/mnt/galactica/rahbera/tracezoo/champsim/gap/pr-14.trace.gz,/mnt/panzer/rahbera/pythia-dev/ChampSim/traces/ligra_Components.com-lj.ungraph.gcc_6.3.0_O3.drop_15750M.length_250M.champsimtrace.xz,/mnt/galactica/rahbera/tracezoo/champsim/gms/gms.k_clique_list_danisch_serial.soc-pokec-relationships.slice-37.champsimtrace.gz,/mnt/galactica/rahbera/tracezoo/champsim/gms/gms.triangle_count.soc-pokec-relationships.slice-137.champsimtrace.gz
Graph-mix74,Graph,/mnt/galactica/rahbera/tracezoo/champsim/gms/gms.subgraphiso_vf2_sequential.soc-pokec-relationships.slice-1.champsimtrace.gz,/mnt/galactica/rahbera/tracezoo/champsim/gms/gms.k_clique_list_danisch_serial.soc-pokec-relationships.slice-37.champsimtrace.gz,/mnt/panzer/rahbera/pythia-dev/ChampSim/traces/ligra_MIS.com-lj.ungraph.gcc_6.3.0_O3.drop_21250M.length_250M.champsimtrace.xz,/mnt/galactica/rahbera/tracezoo/champsim/gms/gms.k_clique_list_danisch_edge_parallel.soc-pokec-relationships.slice-367.champsimtrace.gz
Graph-mix75,Graph,/mnt/panzer/rahbera/pythia-dev/ChampSim/traces/ligra_CF.com-lj.ungraph.gcc_6.3.0_O3.drop_184750M.length_250M.champsimtrace.xz,/mnt/panzer/rahbera/pythia-dev/ChampSim/traces/ligra_Triangle.com-lj.ungraph.gcc_6.3.0_O3.drop_25000M.length_250M.champsimtrace.xz,/mnt/galactica/rahbera/tracezoo/champsim/gms/gms.k_clique_list_danisch_edge_parallel.soc-pokec-relationships.slice-367.champsimtrace.gz,/mnt/galactica/rahbera/tracezoo/champsim/gms/gms.subgraphiso_vf2_sequential.soc-pokec-relationships.slice-21.champsimtrace.gz
Graph-mix76,Graph,/mnt/galactica/rahbera/tracezoo/champsim/gms/gms.maximal_clique_enum_bron_kerbosch.soc-pokec-relationships.slice-3852.champsimtrace.gz,/mnt/galactica/rahbera/tracezoo/champsim/gap/pr-10.trace.gz,/mnt/panzer/rahbera/pythia-dev/ChampSim/traces/ligra_BFSCC.com-lj.ungraph.gcc_6.3.0_O3.drop_17000M.length_250M.champsimtrace.xz,/mnt/galactica/rahbera/tracezoo/champsim/gms/gms.subgraphiso_vf2_sequential.soc-pokec-relationships.slice-6.champsimtrace.gz
Graph-mix77,Graph,/mnt/galactica/rahbera/tracezoo/champsim/gms/gms.k_clique_list_danisch_serial.soc-pokec-relationships.slice-37.champsimtrace.gz,/mnt/galactica/rahbera/tracezoo/champsim/gms/gms.k_clique_list_danisch_edge_parallel.soc-pokec-relationships.slice-1748.champsimtrace.gz,/mnt/galactica/rahbera/tracezoo/champsim/gap/bfs-3.trace.gz,/mnt/galactica/rahbera/tracezoo/champsim/gms/gms.k_clique_list_danisch_serial.soc-pokec-relationships.slice-56.champsimtrace.gz
Graph-mix78,Graph,/mnt/panzer/rahbera/pythia-dev/ChampSim/traces/ligra_Components.com-lj.ungraph.gcc_6.3.0_O3.drop_15750M.length_250M.champsimtrace.xz,/mnt/galactica/rahbera/tracezoo/champsim/gms/gms.k_clique_count_set_based.soc-pokec-relationships.slice-34.champsimtrace.gz,/mnt/galactica/rahbera/tracezoo/champsim/gms/gms.k_clique_count_set_based.soc-pokec-relationships.slice-953.champsimtrace.gz,/mnt/panzer/rahbera/pythia-dev/ChampSim/traces/ligra_CF.com-lj.ungraph.gcc_6.3.0_O3.drop_154750M.length_250M.champsimtrace.xz
Graph-mix79,Graph,/mnt/galactica/rahbera/tracezoo/champsim/gms/gms.k_clique_list_danisch_edge_parallel.soc-pokec-relationships.slice-1052.champsimtrace.gz,/mnt/galactica/rahbera/tracezoo/champsim/gap/bfs-10.trace.gz,/mnt/galactica/rahbera/tracezoo/champsim/gap/bfs-14.trace.gz,/mnt/galactica/rahbera/tracezoo/champsim/gap/pr-3.trace.gz
Graph-mix80,Graph,/mnt/galactica/rahbera/tracezoo/champsim/gms/gms.triangle_count.soc-pokec-relationships.slice-117.champsimtrace.gz,/mnt/galactica/rahbera/tracezoo/champsim/gms/gms.k_clique_list_danisch_node_parallel.soc-pokec-relationships.slice-1469.champsimtrace.gz,/mnt/galactica/rahbera/tracezoo/champsim/gms/gms.k_clique_count_set_based.soc-pokec-relationships.slice-953.champsimtrace.gz,/mnt/galactica/rahbera/tracezoo/champsim/gms/gms.k_clique_count_set_based.soc-pokec-relationships.slice-4.champsimtrace.gz
Graph-mix81,Graph,/mnt/galactica/rahbera/tracezoo/champsim/gap/cc-13.trace.gz,/mnt/panzer/rahbera/pythia-dev/ChampSim/traces/ligra_BFSCC.com-lj.ungraph.gcc_6.3.0_O3.drop_17000M.length_250M.champsimtrace.xz,/mnt/galactica/rahbera/tracezoo/champsim/gms/gms.k_clique_list_danisch_edge_parallel.soc-pokec-relationships.slice-911.champsimtrace.gz,/mnt/galactica/rahbera/tracezoo/champsim/gms/gms.k_clique_list_danisch_node_parallel.soc-pokec-relationships.slice-1469.champsimtrace.gz
Graph-mix82,Graph,/mnt/galactica/rahbera/tracezoo/champsim/gms/gms.k_clique_count_set_based.soc-pokec-relationships.slice-807.champsimtrace.gz,/mnt/galactica/rahbera/tracezoo/champsim/gap/bfs-3.trace.gz,/mnt/galactica/rahbera/tracezoo/champsim/gms/gms.k_clique_list_danisch_node_parallel.soc-pokec-relationships.slice-248.champsimtrace.gz,/mnt/galactica/rahbera/tracezoo/champsim/gms/gms.k_clique_count_set_based.soc-pokec-relationships.slice-953.champsimtrace.gz
Graph-mix83,Graph,/mnt/galactica/rahbera/tracezoo/champsim/gap/pr-5.trace.gz,/mnt/galactica/rahbera/tracezoo/champsim/gms/gms.triangle_count.soc-pokec-relationships.slice-413.champsimtrace.gz,/mnt/galactica/rahbera/tracezoo/champsim/gap/bc-12.trace.gz,/mnt/panzer/rahbera/pythia-dev/ChampSim/traces/ligra_Triangle.com-lj.ungraph.gcc_6.3.0_O3.drop_25000M.length_250M.champsimtrace.xz
Graph-mix84,Graph,/mnt/galactica/rahbera/tracezoo/champsim/gms/gms.subgraphiso_vf2_sequential.soc-pokec-relationships.slice-1.champsimtrace.gz,/mnt/galactica/rahbera/tracezoo/champsim/gms/gms.triangle_count.soc-pokec-relationships.slice-743.champsimtrace.gz,/mnt/galactica/rahbera/tracezoo/champsim/gap/bc-5.trace.gz,/mnt/panzer/rahbera/pythia-dev/ChampSim/traces/ligra_CF.com-lj.ungraph.gcc_6.3.0_O3.drop_184750M.length_250M.champsimtrace.xz
Graph-mix85,Graph,/mnt/galactica/rahbera/tracezoo/champsim/gms/gms.k_clique_list_danisch_node_parallel.soc-pokec-relationships.slice-497.champsimtrace.gz,/mnt/galactica/rahbera/tracezoo/champsim/gms/gms.k_clique_list_danisch_edge_parallel.soc-pokec-relationships.slice-784.champsimtrace.gz,/mnt/galactica/rahbera/tracezoo/champsim/gms/gms.k_clique_list_danisch_serial.soc-pokec-relationships.slice-4.champsimtrace.gz,/mnt/galactica/rahbera/tracezoo/champsim/gap/bfs-14.trace.gz
Graph-mix86,Graph,/mnt/galactica/rahbera/tracezoo/champsim/gms/gms.subgraphiso_vf2_sequential.soc-pokec-relationships.slice-27.champsimtrace.gz,/mnt/galactica/rahbera/tracezoo/champsim/gms/gms.triangle_count.soc-pokec-relationships.slice-117.champsimtrace.gz,/mnt/galactica/rahbera/tracezoo/champsim/gap/sssp-3.trace.gz,/mnt/galactica/rahbera/tracezoo/champsim/gms/gms.triangle_count.soc-pokec-relationships.slice-599.champsimtrace.gz
Graph-mix87,Graph,/mnt/galactica/rahbera/tracezoo/champsim/gms/gms.k_clique_list_danisch_serial.soc-pokec-relationships.slice-48.champsimtrace.gz,/mnt/galactica/rahbera/tracezoo/champsim/gms/gms.k_clique_list_danisch_node_parallel.soc-pokec-relationships.slice-248.champsimtrace.gz,/mnt/galactica/rahbera/tracezoo/champsim/gms/gms.k_clique_list_danisch_node_parallel.soc-pokec-relationships.slice-1469.champsimtrace.gz,/mnt/panzer/rahbera/pythia-dev/ChampSim/traces/ligra_MIS.com-lj.ungraph.gcc_6.3.0_O3.drop_21250M.length_250M.champsimtrace.xz
Graph-mix88,Graph,/mnt/galactica/rahbera/tracezoo/champsim/gms/gms.k_clique_star_list.soc-pokec-relationships.slice-696.champsimtrace.gz,/mnt/galactica/rahbera/tracezoo/champsim/gap/bfs-10.trace.gz,/mnt/galactica/rahbera/tracezoo/champsim/gms/gms.k_clique_list_danisch_node_parallel.soc-pokec-relationships.slice-236.champsimtrace.gz,/mnt/galactica/rahbera/tracezoo/champsim/gms/gms.k_clique_list_danisch_node_parallel.soc-pokec-relationships.slice-497.champsimtrace.gz
Graph-mix89,Graph,/mnt/galactica/rahbera/tracezoo/champsim/gms/gms.maximal_clique_enum_bron_kerbosch.soc-pokec-relationships.slice-1099.champsimtrace.gz,/mnt/panzer/rahbera/pythia-dev/ChampSim/traces/ligra_CF.com-lj.ungraph.gcc_6.3.0_O3.drop_154750M.length_250M.champsimtrace.xz,/mnt/galactica/rahbera/tracezoo/champsim/gms/gms.triangle_count.soc-pokec-relationships.slice-413.champsimtrace.gz,/mnt/galactica/rahbera/tracezoo/champsim/gap/bc-12.trace.gz
Graph-mix90,Graph,/mnt/galactica/rahbera/tracezoo/champsim/gms/gms.k_clique_count_set_based.soc-pokec-relationships.slice-4.champsimtrace.gz,/mnt/galactica/rahbera/tracezoo/champsim/gms/gms.triangle_count.soc-pokec-relationships.slice-137.champsimtrace.gz,/mnt/galactica/rahbera/tracezoo/champsim/gms/gms.k_clique_star_list.soc-pokec-relationships.slice-1291.champsimtrace.gz,/mnt/galactica/rahbera/tracezoo/champsim/gms/gms.triangle_count.soc-pokec-relationships.slice-599.champsimtrace.gz
Graph-mix91,Graph,/mnt/galactica/rahbera/tracezoo/champsim/gms/gms.k_clique_list_danisch_node_parallel.soc-pokec-relationships.slice-497.champsimtrace.gz,/mnt/galactica/rahbera/tracezoo/champsim/gap/sssp-5.trace.gz,/mnt/galactica/rahbera/tracezoo/champsim/gms/gms.triangle_count.soc-pokec-relationships.slice-137.champsimtrace.gz,/mnt/panzer/rahbera/pythia-dev/ChampSim/traces/ligra_PageRank.com-lj.ungraph.gcc_6.3.0_O3.drop_51000M.length_250M.champsimtrace.xz
Graph-mix92,Graph,/mnt/galactica/rahbera/tracezoo/champsim/gap/pr-5.trace.gz,/mnt/galactica/rahbera/tracezoo/champsim/gap/sssp-5.trace.gz,/mnt/galactica/rahbera/tracezoo/champsim/gms/gms.maximal_clique_enum_bron_kerbosch.soc-pokec-relationships.slice-1099.champsimtrace.gz,/mnt/galactica/rahbera/tracezoo/champsim/gms/gms.k_clique_list_danisch_node_parallel.soc-pokec-relationships.slice-248.champsimtrace.gz
Graph-mix93,Graph,/mnt/galactica/rahbera/tracezoo/champsim/gap/sssp-14.trace.gz,/mnt/galactica/rahbera/tracezoo/champsim/gms/gms.k_clique_list_danisch_edge_parallel.soc-pokec-relationships.slice-784.champsimtrace.gz,/mnt/galactica/rahbera/tracezoo/champsim/gms/gms.k_clique_star_list.soc-pokec-relationships.slice-1035.champsimtrace.gz,/mnt/panzer/rahbera/pythia-dev/ChampSim/traces/ligra_PageRank.com-lj.ungraph.gcc_6.3.0_O3.drop_51000M.length_250M.champsimtrace.xz
Graph-mix94,Graph,/mnt/galactica/rahbera/tracezoo/champsim/gap/pr-10.trace.gz,/mnt/galactica/rahbera/tracezoo/champsim/gap/sssp-14.trace.gz,/mnt/panzer/rahbera/pythia-dev/ChampSim/traces/ligra_PageRank.com-lj.ungraph.gcc_6.3.0_O3.drop_51000M.length_250M.champsimtrace.xz,/mnt/galactica/rahbera/tracezoo/champsim/gap/bfs-10.trace.gz
Graph-mix95,Graph,/mnt/panzer/rahbera/pythia-dev/ChampSim/traces/ligra_Radii.com-lj.ungraph.gcc_6.3.0_O3.drop_24500M.length_250M.champsimtrace.xz,/mnt/galactica/rahbera/tracezoo/champsim/gap/sssp-3.trace.gz,/mnt/galactica/rahbera/tracezoo/champsim/gms/gms.k_clique_list_danisch_node_parallel.soc-pokec-relationships.slice-744.champsimtrace.gz,/mnt/galactica/rahbera/tracezoo/champsim/gap/pr-5.trace.gz
Graph-mix96,Graph,/mnt/galactica/rahbera/tracezoo/champsim/gms/gms.triangle_count.soc-pokec-relationships.slice-117.champsimtrace.gz,/mnt/galactica/rahbera/tracezoo/champsim/gms/gms.subgraphiso_vf2_sequential.soc-pokec-relationships.slice-1.champsimtrace.gz,/mnt/galactica/rahbera/tracezoo/champsim/gms/gms.k_clique_count_set_based.soc-pokec-relationships.slice-807.champsimtrace.gz,/mnt/galactica/rahbera/tracezoo/champsim/gms/gms.k_clique_list_danisch_edge_parallel.soc-pokec-relationships.slice-389.champsimtrace.gz
Graph-mix97,Graph,/mnt/galactica/rahbera/tracezoo/champsim/gap/bfs-10.trace.gz,/mnt/galactica/rahbera/tracezoo/champsim/gms/gms.k_clique_count_set_based.soc-pokec-relationships.slice-665.champsimtrace.gz,/mnt/galactica/rahbera/tracezoo/champsim/gms/gms.k_clique_list_danisch_edge_parallel.soc-pokec-relationships.slice-784.champsimtrace.gz,/mnt/galactica/rahbera/tracezoo/champsim/gap/pr-5.trace.gz
Graph-mix98,Graph,/mnt/galactica/rahbera/tracezoo/champsim/gap/pr-3.trace.gz,/mnt/galactica/rahbera/tracezoo/champsim/gms/gms.k_clique_list_danisch_serial.soc-pokec-relationships.slice-28.champsimtrace.gz,/mnt/panzer/rahbera/pythia-dev/ChampSim/traces/ligra_PageRankDelta.com-lj.ungraph.gcc_6.3.0_O3.drop_24000M.length_250M.champsimtrace.xz,/mnt/galactica/rahbera/tracezoo/champsim/gms/gms.triangle_count.soc-pokec-relationships.slice-743.champsimtrace.gz
Graph-mix99,Graph,/mnt/panzer/rahbera/pythia-dev/ChampSim/traces/ligra_BFSCC.com-lj.ungraph.gcc_6.3.0_O3.drop_17000M.length_250M.champsimtrace.xz,/mnt/galactica/rahbera/tracezoo/champsim/gms/gms.k_clique_list_danisch_node_parallel.soc-pokec-relationships.slice-236.champsimtrace.gz,/mnt/galactica/rahbera/tracezoo/champsim/gap/pr-10.trace.gz,/mnt/panzer/rahbera/pythia-dev/ChampSim/traces/ligra_PageRank.com-lj.ungraph.gcc_6.3.0_O3.drop_51000M.length_250M.champsimtrace.xz
SPEC17-mix0,SPEC17,/mnt/panzer/rahbera/pythia-dev/ChampSim/dpc3_traces/603.bwaves_s-891B.champsimtrace.xz,/mnt/panzer/rahbera/pythia-dev/ChampSim/dpc3_traces/607.cactuBSSN_s-2421B.champsimtrace.xz,/mnt/panzer/rahbera/pythia-dev/ChampSim/dpc3_traces/619.lbm_s-2676B.champsimtrace.xz,/mnt/panzer/rahbera/pythia-dev/ChampSim/dpc3_traces/654.roms_s-294B.champsimtrace.xz
SPEC17-mix1,SPEC17,/mnt/panzer/rahbera/pythia-dev/ChampSim/dpc3_traces/619.lbm_s-3766B.champsimtrace.xz,/mnt/panzer/rahbera/pythia-dev/ChampSim/dpc3_traces/603.bwaves_s-2931B.champsimtrace.xz,/mnt/panzer/rahbera/pythia-dev/ChampSim/dpc3_traces/619.lbm_s-2676B.champsimtrace.xz,/mnt/panzer/rahbera/pythia-dev/ChampSim/dpc3_traces/603.bwaves_s-2609B.champsimtrace.xz
SPEC17-mix2,SPEC17,/mnt/panzer/rahbera/pythia-dev/ChampSim/dpc3_traces/605.mcf_s-994B.champsimtrace.xz,/mnt/panzer/rahbera/pythia-dev/ChampSim/dpc3_traces/602.gcc_s-2226B.champsimtrace.xz,/mnt/panzer/rahbera/pythia-dev/ChampSim/dpc3_traces/602.gcc_s-734B.champsimtrace.xz,/mnt/panzer/rahbera/pythia-dev/ChampSim/dpc3_traces/603.bwaves_s-1740B.champsimtrace.xz
SPEC17-mix3,SPEC17,/mnt/panzer/rahbera/pythia-dev/ChampSim/dpc3_traces/620.omnetpp_s-141B.champsimtrace.xz,/mnt/panzer/rahbera/pythia-dev/ChampSim/dpc3_traces/605.mcf_s-782B.champsimtrace.xz,/mnt/panzer/rahbera/pythia-dev/ChampSim/dpc3_traces/623.xalancbmk_s-10B.champsimtrace.xz,/mnt/panzer/rahbera/pythia-dev/ChampSim/dpc3_traces/619.lbm_s-2676B.champsimtrace.xz
SPEC17-mix4,SPEC17,/mnt/panzer/rahbera/pythia-dev/ChampSim/dpc3_traces/605.mcf_s-665B.champsimtrace.xz,/mnt/panzer/rahbera/pythia-dev/ChampSim/dpc3_traces/654.roms_s-1390B.champsimtrace.xz,/mnt/panzer/rahbera/pythia-dev/ChampSim/dpc3_traces/603.bwaves_s-1740B.champsimtrace.xz,/mnt/panzer/rahbera/pythia-dev/ChampSim/dpc3_traces/654.roms_s-293B.champsimtrace.xz
SPEC17-mix5,SPEC17,/mnt/panzer/rahbera/pythia-dev/ChampSim/dpc3_traces/605.mcf_s-484B.champsimtrace.xz,/mnt/panzer/rahbera/pythia-dev/ChampSim/dpc3_traces/619.lbm_s-3766B.champsimtrace.xz,/mnt/panzer/rahbera/pythia-dev/ChampSim/dpc3_traces/654.roms_s-523B.champsimtrace.xz,/mnt/panzer/rahbera/pythia-dev/ChampSim/dpc3_traces/654.roms_s-1007B.champsimtrace.xz
SPEC17-mix6,SPEC17,/mnt/panzer/rahbera/pythia-dev/ChampSim/dpc3_traces/619.lbm_s-2677B.champsimtrace.xz,/mnt/panzer/rahbera/pythia-dev/ChampSim/dpc3_traces/605.mcf_s-1554B.champsimtrace.xz,/mnt/panzer/rahbera/pythia-dev/ChampSim/dpc3_traces/649.fotonik3d_s-1176B.champsimtrace.xz,/mnt/panzer/rahbera/pythia-dev/ChampSim/dpc3_traces/654.roms_s-1070B.champsimtrace.xz
SPEC17-mix7,SPEC17,/mnt/panzer/rahbera/pythia-dev/ChampSim/dpc3_traces/619.lbm_s-4268B.champsimtrace.xz,/mnt/panzer/rahbera/pythia-dev/ChampSim/dpc3_traces/607.cactuBSSN_s-2421B.champsimtrace.xz,/mnt/panzer/rahbera/pythia-dev/ChampSim/dpc3_traces/619.lbm_s-3766B.champsimtrace.xz,/mnt/panzer/rahbera/pythia-dev/ChampSim/dpc3_traces/602.gcc_s-734B.champsimtrace.xz
SPEC17-mix8,SPEC17,/mnt/panzer/rahbera/pythia-dev/ChampSim/dpc3_traces/605.mcf_s-994B.champsimtrace.xz,/mnt/panzer/rahbera/pythia-dev/ChampSim/dpc3_traces/603.bwaves_s-891B.champsimtrace.xz,/mnt/panzer/rahbera/pythia-dev/ChampSim/dpc3_traces/654.roms_s-1070B.champsimtrace.xz,/mnt/panzer/rahbera/pythia-dev/ChampSim/dpc3_traces/605.mcf_s-1152B.champsimtrace.xz
SPEC17-mix9,SPEC17,/mnt/panzer/rahbera/pythia-dev/ChampSim/dpc3_traces/620.omnetpp_s-874B.champsimtrace.xz,/mnt/panzer/rahbera/pythia-dev/ChampSim/dpc3_traces/619.lbm_s-2677B.champsimtrace.xz,/mnt/panzer/rahbera/pythia-dev/ChampSim/dpc3_traces/603.bwaves_s-2931B.champsimtrace.xz,/mnt/panzer/rahbera/pythia-dev/ChampSim/dpc3_traces/603.bwaves_s-1740B.champsimtrace.xz
SPEC17-mix10,SPEC17,/mnt/panzer/rahbera/pythia-dev/ChampSim/dpc3_traces/621.wrf_s-6673B.champsimtrace.xz,/mnt/panzer/rahbera/pythia-dev/ChampSim/dpc3_traces/605.mcf_s-782B.champsimtrace.xz,/mnt/panzer/rahbera/pythia-dev/ChampSim/dpc3_traces/654.roms_s-1070B.champsimtrace.xz,/mnt/panzer/rahbera/pythia-dev/ChampSim/dpc3_traces/605.mcf_s-472B.champsimtrace.xz
SPEC17-mix11,SPEC17,/mnt/panzer/rahbera/pythia-dev/ChampSim/dpc3_traces/605.mcf_s-472B.champsimtrace.xz,/mnt/panzer/rahbera/pythia-dev/ChampSim/dpc3_traces/649.fotonik3d_s-1176B.champsimtrace.xz,/mnt/panzer/rahbera/pythia-dev/ChampSim/dpc3_traces/607.cactuBSSN_s-2421B.champsimtrace.xz,/mnt/panzer/rahbera/pythia-dev/ChampSim/dpc3_traces/602.gcc_s-2226B.champsimtrace.xz
SPEC17-mix12,SPEC17,/mnt/panzer/rahbera/pythia-dev/ChampSim/dpc3_traces/603.bwaves_s-1740B.champsimtrace.xz,/mnt/panzer/rahbera/pythia-dev/ChampSim/dpc3_traces/619.lbm_s-2676B.champsimtrace.xz,/mnt/panzer/rahbera/pythia-dev/ChampSim/dpc3_traces/621.wrf_s-8065B.champsimtrace.xz,/mnt/panzer/rahbera/pythia-dev/ChampSim/dpc3_traces/602.gcc_s-734B.champsimtrace.xz
SPEC17-mix13,SPEC17,/mnt/panzer/rahbera/pythia-dev/ChampSim/dpc3_traces/605.mcf_s-782B.champsimtrace.xz,/mnt/panzer/rahbera/pythia-dev/ChampSim/dpc3_traces/603.bwaves_s-1740B.champsimtrace.xz,/mnt/panzer/rahbera/pythia-dev/ChampSim/dpc3_traces/621.wrf_s-8065B.champsimtrace.xz,/mnt/panzer/rahbera/pythia-dev/ChampSim/dpc3_traces/621.wrf_s-6673B.champsimtrace.xz
SPEC17-mix14,SPEC17,/mnt/panzer/rahbera/pythia-dev/ChampSim/dpc3_traces/605.mcf_s-1644B.champsimtrace.xz,/mnt/panzer/rahbera/pythia-dev/ChampSim/dpc3_traces/605.mcf_s-1152B.champsimtrace.xz,/mnt/panzer/rahbera/pythia-dev/ChampSim/dpc3_traces/605.mcf_s-994B.champsimtrace.xz,/mnt/panzer/rahbera/pythia-dev/ChampSim/dpc3_traces/603.bwaves_s-1740B.champsimtrace.xz
SPEC17-mix15,SPEC17,/mnt/panzer/rahbera/pythia-dev/ChampSim/dpc3_traces/654.roms_s-1390B.champsimtrace.xz,/mnt/panzer/rahbera/pythia-dev/ChampSim/dpc3_traces/619.lbm_s-2676B.champsimtrace.xz,/mnt/panzer/rahbera/pythia-dev/ChampSim/dpc3_traces/603.bwaves_s-2609B.champsimtrace.xz,/mnt/panzer/rahbera/pythia-dev/ChampSim/dpc3_traces/603.bwaves_s-2931B.champsimtrace.xz
SPEC17-mix16,SPEC17,/mnt/panzer/rahbera/pythia-dev/ChampSim/dpc3_traces/605.mcf_s-782B.champsimtrace.xz,/mnt/panzer/rahbera/pythia-dev/ChampSim/dpc3_traces/654.roms_s-1007B.champsimtrace.xz,/mnt/panzer/rahbera/pythia-dev/ChampSim/dpc3_traces/619.lbm_s-2676B.champsimtrace.xz,/mnt/panzer/rahbera/pythia-dev/ChampSim/dpc3_traces/623.xalancbmk_s-10B.champsimtrace.xz
SPEC17-mix17,SPEC17,/mnt/panzer/rahbera/pythia-dev/ChampSim/dpc3_traces/654.roms_s-1070B.champsimtrace.xz,/mnt/panzer/rahbera/pythia-dev/ChampSim/dpc3_traces/603.bwaves_s-1740B.champsimtrace.xz,/mnt/panzer/rahbera/pythia-dev/ChampSim/dpc3_traces/605.mcf_s-782B.champsimtrace.xz,/mnt/panzer/rahbera/pythia-dev/ChampSim/dpc3_traces/619.lbm_s-4268B.champsimtrace.xz
SPEC17-mix18,SPEC17,/mnt/panzer/rahbera/pythia-dev/ChampSim/dpc3_traces/605.mcf_s-994B.champsimtrace.xz,/mnt/panzer/rahbera/pythia-dev/ChampSim/dpc3_traces/619.lbm_s-2676B.champsimtrace.xz,/mnt/panzer/rahbera/pythia-dev/ChampSim/dpc3_traces/619.lbm_s-4268B.champsimtrace.xz,/mnt/panzer/rahbera/pythia-dev/ChampSim/dpc3_traces/620.omnetpp_s-874B.champsimtrace.xz
SPEC17-mix19,SPEC17,/mnt/panzer/rahbera/pythia-dev/ChampSim/dpc3_traces/654.roms_s-523B.champsimtrace.xz,/mnt/panzer/rahbera/pythia-dev/ChampSim/dpc3_traces/649.fotonik3d_s-7084B.champsimtrace.xz,/mnt/panzer/rahbera/pythia-dev/ChampSim/dpc3_traces/603.bwaves_s-1740B.champsimtrace.xz,/mnt/panzer/rahbera/pythia-dev/ChampSim/dpc3_traces/654.roms_s-1070B.champsimtrace.xz
SPEC17-mix20,SPEC17,/mnt/panzer/rahbera/pythia-dev/ChampSim/dpc3_traces/649.fotonik3d_s-1176B.champsimtrace.xz,/mnt/panzer/rahbera/pythia-dev/ChampSim/dpc3_traces/649.fotonik3d_s-7084B.champsimtrace.xz,/mnt/panzer/rahbera/pythia-dev/ChampSim/dpc3_traces/621.wrf_s-6673B.champsimtrace.xz,/mnt/panzer/rahbera/pythia-dev/ChampSim/dpc3_traces/620.omnetpp_s-874B.champsimtrace.xz
SPEC17-mix21,SPEC17,/mnt/panzer/rahbera/pythia-dev/ChampSim/dpc3_traces/620.omnetpp_s-141B.champsimtrace.xz,/mnt/panzer/rahbera/pythia-dev/ChampSim/dpc3_traces/605.mcf_s-472B.champsimtrace.xz,/mnt/panzer/rahbera/pythia-dev/ChampSim/dpc3_traces/649.fotonik3d_s-8225B.champsimtrace.xz,/mnt/panzer/rahbera/pythia-dev/ChampSim/dpc3_traces/605.mcf_s-484B.champsimtrace.xz
SPEC17-mix22,SPEC17,/mnt/panzer/rahbera/pythia-dev/ChampSim/dpc3_traces/619.lbm_s-3766B.champsimtrace.xz,/mnt/panzer/rahbera/pythia-dev/ChampSim/dpc3_traces/654.roms_s-1007B.champsimtrace.xz,/mnt/panzer/rahbera/pythia-dev/ChampSim/dpc3_traces/619.lbm_s-4268B.champsimtrace.xz,/mnt/panzer/rahbera/pythia-dev/ChampSim/dpc3_traces/607.cactuBSSN_s-2421B.champsimtrace.xz
SPEC17-mix23,SPEC17,/mnt/panzer/rahbera/pythia-dev/ChampSim/dpc3_traces/602.gcc_s-734B.champsimtrace.xz,/mnt/panzer/rahbera/pythia-dev/ChampSim/dpc3_traces/605.mcf_s-1554B.champsimtrace.xz,/mnt/panzer/rahbera/pythia-dev/ChampSim/dpc3_traces/619.lbm_s-3766B.champsimtrace.xz,/mnt/panzer/rahbera/pythia-dev/ChampSim/dpc3_traces/620.omnetpp_s-874B.champsimtrace.xz
SPEC17-mix24,SPEC17,/mnt/panzer/rahbera/pythia-dev/ChampSim/dpc3_traces/602.gcc_s-734B.champsimtrace.xz,/mnt/panzer/rahbera/pythia-dev/ChampSim/dpc3_traces/603.bwaves_s-2931B.champsimtrace.xz,/mnt/panzer/rahbera/pythia-dev/ChampSim/dpc3_traces/649.fotonik3d_s-7084B.champsimtrace.xz,/mnt/panzer/rahbera/pythia-dev/ChampSim/dpc3_traces/649.fotonik3d_s-10881B.champsimtrace.xz
SPEC17-mix25,SPEC17,/mnt/panzer/rahbera/pythia-dev/ChampSim/dpc3_traces/621.wrf_s-8065B.champsimtrace.xz,/mnt/panzer/rahbera/pythia-dev/ChampSim/dpc3_traces/605.mcf_s-1554B.champsimtrace.xz,/mnt/panzer/rahbera/pythia-dev/ChampSim/dpc3_traces/654.roms_s-1390B.champsimtrace.xz,/mnt/panzer/rahbera/pythia-dev/ChampSim/dpc3_traces/605.mcf_s-1152B.champsimtrace.xz
SPEC17-mix26,SPEC17,/mnt/panzer/rahbera/pythia-dev/ChampSim/dpc3_traces/605.mcf_s-1554B.champsimtrace.xz,/mnt/panzer/rahbera/pythia-dev/ChampSim/dpc3_traces/654.roms_s-1390B.champsimtrace.xz,/mnt/panzer/rahbera/pythia-dev/ChampSim/dpc3_traces/602.gcc_s-734B.champsimtrace.xz,/mnt/panzer/rahbera/pythia-dev/ChampSim/dpc3_traces/605.mcf_s-1644B.champsimtrace.xz
SPEC17-mix27,SPEC17,/mnt/panzer/rahbera/pythia-dev/ChampSim/dpc3_traces/654.roms_s-294B.champsimtrace.xz,/mnt/panzer/rahbera/pythia-dev/ChampSim/dpc3_traces/605.mcf_s-665B.champsimtrace.xz,/mnt/panzer/rahbera/pythia-dev/ChampSim/dpc3_traces/649.fotonik3d_s-1176B.champsimtrace.xz,/mnt/panzer/rahbera/pythia-dev/ChampSim/dpc3_traces/649.fotonik3d_s-7084B.champsimtrace.xz
SPEC17-mix28,SPEC17,/mnt/panzer/rahbera/pythia-dev/ChampSim/dpc3_traces/605.mcf_s-1644B.champsimtrace.xz,/mnt/panzer/rahbera/pythia-dev/ChampSim/dpc3_traces/649.fotonik3d_s-7084B.champsimtrace.xz,/mnt/panzer/rahbera/pythia-dev/ChampSim/dpc3_traces/603.bwaves_s-2609B.champsimtrace.xz,/mnt/panzer/rahbera/pythia-dev/ChampSim/dpc3_traces/654.roms_s-1390B.champsimtrace.xz
SPEC17-mix29,SPEC17,/mnt/panzer/rahbera/pythia-dev/ChampSim/dpc3_traces/619.lbm_s-2676B.champsimtrace.xz,/mnt/panzer/rahbera/pythia-dev/ChampSim/dpc3_traces/619.lbm_s-3766B.champsimtrace.xz,/mnt/panzer/rahbera/pythia-dev/ChampSim/dpc3_traces/619.lbm_s-2677B.champsimtrace.xz,/mnt/panzer/rahbera/pythia-dev/ChampSim/dpc3_traces/620.omnetpp_s-874B.champsimtrace.xz
SPEC17-mix30,SPEC17,/mnt/panzer/rahbera/pythia-dev/ChampSim/dpc3_traces/602.gcc_s-734B.champsimtrace.xz,/mnt/panzer/rahbera/pythia-dev/ChampSim/dpc3_traces/620.omnetpp_s-141B.champsimtrace.xz,/mnt/panzer/rahbera/pythia-dev/ChampSim/dpc3_traces/605.mcf_s-484B.champsimtrace.xz,/mnt/panzer/rahbera/pythia-dev/ChampSim/dpc3_traces/607.cactuBSSN_s-2421B.champsimtrace.xz
SPEC17-mix31,SPEC17,/mnt/panzer/rahbera/pythia-dev/ChampSim/dpc3_traces/602.gcc_s-1850B.champsimtrace.xz,/mnt/panzer/rahbera/pythia-dev/ChampSim/dpc3_traces/605.mcf_s-484B.champsimtrace.xz,/mnt/panzer/rahbera/pythia-dev/ChampSim/dpc3_traces/619.lbm_s-2677B.champsimtrace.xz,/mnt/panzer/rahbera/pythia-dev/ChampSim/dpc3_traces/649.fotonik3d_s-10881B.champsimtrace.xz
SPEC17-mix32,SPEC17,/mnt/panzer/rahbera/pythia-dev/ChampSim/dpc3_traces/605.mcf_s-1554B.champsimtrace.xz,/mnt/panzer/rahbera/pythia-dev/ChampSim/dpc3_traces/619.lbm_s-2676B.champsimtrace.xz,/mnt/panzer/rahbera/pythia-dev/ChampSim/dpc3_traces/605.mcf_s-665B.champsimtrace.xz,/mnt/panzer/rahbera/pythia-dev/ChampSim/dpc3_traces/602.gcc_s-734B.champsimtrace.xz
SPEC17-mix33,SPEC17,/mnt/panzer/rahbera/pythia-dev/ChampSim/dpc3_traces/649.fotonik3d_s-10881B.champsimtrace.xz,/mnt/panzer/rahbera/pythia-dev/ChampSim/dpc3_traces/605.mcf_s-782B.champsimtrace.xz,/mnt/panzer/rahbera/pythia-dev/ChampSim/dpc3_traces/602.gcc_s-734B.champsimtrace.xz,/mnt/panzer/rahbera/pythia-dev/ChampSim/dpc3_traces/619.lbm_s-2677B.champsimtrace.xz
SPEC17-mix34,SPEC17,/mnt/panzer/rahbera/pythia-dev/ChampSim/dpc3_traces/602.gcc_s-1850B.champsimtrace.xz,/mnt/panzer/rahbera/pythia-dev/ChampSim/dpc3_traces/605.mcf_s-1644B.champsimtrace.xz,/mnt/panzer/rahbera/pythia-dev/ChampSim/dpc3_traces/649.fotonik3d_s-8225B.champsimtrace.xz,/mnt/panzer/rahbera/pythia-dev/ChampSim/dpc3_traces/654.roms_s-294B.champsimtrace.xz
SPEC17-mix35,SPEC17,/mnt/panzer/rahbera/pythia-dev/ChampSim/dpc3_traces/654.roms_s-523B.champsimtrace.xz,/mnt/panzer/rahbera/pythia-dev/ChampSim/dpc3_traces/654.roms_s-293B.champsimtrace.xz,/mnt/panzer/rahbera/pythia-dev/ChampSim/dpc3_traces/603.bwaves_s-1740B.champsimtrace.xz,/mnt/panzer/rahbera/pythia-dev/ChampSim/dpc3_traces/603.bwaves_s-891B.champsimtrace.xz
SPEC17-mix36,SPEC17,/mnt/panzer/rahbera/pythia-dev/ChampSim/dpc3_traces/619.lbm_s-4268B.champsimtrace.xz,/mnt/panzer/rahbera/pythia-dev/ChampSim/dpc3_traces/649.fotonik3d_s-1176B.champsimtrace.xz,/mnt/panzer/rahbera/pythia-dev/ChampSim/dpc3_traces/605.mcf_s-472B.champsimtrace.xz,/mnt/panzer/rahbera/pythia-dev/ChampSim/dpc3_traces/619.lbm_s-2677B.champsimtrace.xz
SPEC17-mix37,SPEC17,/mnt/panzer/rahbera/pythia-dev/ChampSim/dpc3_traces/605.mcf_s-665B.champsimtrace.xz,/mnt/panzer/rahbera/pythia-dev/ChampSim/dpc3_traces/654.roms_s-523B.champsimtrace.xz,/mnt/panzer/rahbera/pythia-dev/ChampSim/dpc3_traces/654.roms_s-294B.champsimtrace.xz,/mnt/panzer/rahbera/pythia-dev/ChampSim/dpc3_traces/602.gcc_s-2226B.champsimtrace.xz
SPEC17-mix38,SPEC17,/mnt/panzer/rahbera/pythia-dev/ChampSim/dpc3_traces/603.bwaves_s-1740B.champsimtrace.xz,/mnt/panzer/rahbera/pythia-dev/ChampSim/dpc3_traces/605.mcf_s-1152B.champsimtrace.xz,/mnt/panzer/rahbera/pythia-dev/ChampSim/dpc3_traces/605.mcf_s-782B.champsimtrace.xz,/mnt/panzer/rahbera/pythia-dev/ChampSim/dpc3_traces/605.mcf_s-665B.champsimtrace.xz
SPEC17-mix39,SPEC17,/mnt/panzer/rahbera/pythia-dev/ChampSim/dpc3_traces/603.bwaves_s-1740B.champsimtrace.xz,/mnt/panzer/rahbera/pythia-dev/ChampSim/dpc3_traces/605.mcf_s-1152B.champsimtrace.xz,/mnt/panzer/rahbera/pythia-dev/ChampSim/dpc3_traces/605.mcf_s-1536B.champsimtrace.xz,/mnt/panzer/rahbera/pythia-dev/ChampSim/dpc3_traces/619.lbm_s-2677B.champsimtrace.xz
SPEC17-mix40,SPEC17,/mnt/panzer/rahbera/pythia-dev/ChampSim/dpc3_traces/603.bwaves_s-2931B.champsimtrace.xz,/mnt/panzer/rahbera/pythia-dev/ChampSim/dpc3_traces/649.fotonik3d_s-1176B.champsimtrace.xz,/mnt/panzer/rahbera/pythia-dev/ChampSim/dpc3_traces/619.lbm_s-4268B.champsimtrace.xz,/mnt/panzer/rahbera/pythia-dev/ChampSim/dpc3_traces/603.bwaves_s-891B.champsimtrace.xz
SPEC17-mix41,SPEC17,/mnt/panzer/rahbera/pythia-dev/ChampSim/dpc3_traces/605.mcf_s-1644B.champsimtrace.xz,/mnt/panzer/rahbera/pythia-dev/ChampSim/dpc3_traces/654.roms_s-523B.champsimtrace.xz,/mnt/panzer/rahbera/pythia-dev/ChampSim/dpc3_traces/605.mcf_s-472B.champsimtrace.xz,/mnt/panzer/rahbera/pythia-dev/ChampSim/dpc3_traces/605.mcf_s-1536B.champsimtrace.xz
SPEC17-mix42,SPEC17,/mnt/panzer/rahbera/pythia-dev/ChampSim/dpc3_traces/619.lbm_s-2676B.champsimtrace.xz,/mnt/panzer/rahbera/pythia-dev/ChampSim/dpc3_traces/605.mcf_s-484B.champsimtrace.xz,/mnt/panzer/rahbera/pythia-dev/ChampSim/dpc3_traces/621.wrf_s-6673B.champsimtrace.xz,/mnt/panzer/rahbera/pythia-dev/ChampSim/dpc3_traces/602.gcc_s-1850B.champsimtrace.xz
SPEC17-mix43,SPEC17,/mnt/panzer/rahbera/pythia-dev/ChampSim/dpc3_traces/603.bwaves_s-2609B.champsimtrace.xz,/mnt/panzer/rahbera/pythia-dev/ChampSim/dpc3_traces/654.roms_s-1070B.champsimtrace.xz,/mnt/panzer/rahbera/pythia-dev/ChampSim/dpc3_traces/620.omnetpp_s-874B.champsimtrace.xz,/mnt/panzer/rahbera/pythia-dev/ChampSim/dpc3_traces/620.omnetpp_s-141B.champsimtrace.xz
SPEC17-mix44,SPEC17,/mnt/panzer/rahbera/pythia-dev/ChampSim/dpc3_traces/619.lbm_s-3766B.champsimtrace.xz,/mnt/panzer/rahbera/pythia-dev/ChampSim/dpc3_traces/623.xalancbmk_s-10B.champsimtrace.xz,/mnt/panzer/rahbera/pythia-dev/ChampSim/dpc3_traces/607.cactuBSSN_s-2421B.champsimtrace.xz,/mnt/panzer/rahbera/pythia-dev/ChampSim/dpc3_traces/603.bwaves_s-891B.champsimtrace.xz
SPEC17-mix45,SPEC17,/mnt/panzer/rahbera/pythia-dev/ChampSim/dpc3_traces/649.fotonik3d_s-1176B.champsimtrace.xz,/mnt/panzer/rahbera/pythia-dev/ChampSim/dpc3_traces/621.wrf_s-8065B.champsimtrace.xz,/mnt/panzer/rahbera/pythia-dev/ChampSim/dpc3_traces/607.cactuBSSN_s-2421B.champsimtrace.xz,/mnt/panzer/rahbera/pythia-dev/ChampSim/dpc3_traces/602.gcc_s-734B.champsimtrace.xz
SPEC17-mix46,SPEC17,/mnt/panzer/rahbera/pythia-dev/ChampSim/dpc3_traces/603.bwaves_s-891B.champsimtrace.xz,/mnt/panzer/rahbera/pythia-dev/ChampSim/dpc3_traces/619.lbm_s-3766B.champsimtrace.xz,/mnt/panzer/rahbera/pythia-dev/ChampSim/dpc3_traces/602.gcc_s-1850B.champsimtrace.xz,/mnt/panzer/rahbera/pythia-dev/ChampSim/dpc3_traces/605.mcf_s-1644B.champsimtrace.xz
SPEC17-mix47,SPEC17,/mnt/panzer/rahbera/pythia-dev/ChampSim/dpc3_traces/654.roms_s-523B.champsimtrace.xz,/mnt/panzer/rahbera/pythia-dev/ChampSim/dpc3_traces/603.bwaves_s-891B.champsimtrace.xz,/mnt/panzer/rahbera/pythia-dev/ChampSim/dpc3_traces/654.roms_s-294B.champsimtrace.xz,/mnt/panzer/rahbera/pythia-dev/ChampSim/dpc3_traces/605.mcf_s-1554B.champsimtrace.xz
SPEC17-mix48,SPEC17,/mnt/panzer/rahbera/pythia-dev/ChampSim/dpc3_traces/619.lbm_s-3766B.champsimtrace.xz,/mnt/panzer/rahbera/pythia-dev/ChampSim/dpc3_traces/654.roms_s-1070B.champsimtrace.xz,/mnt/panzer/rahbera/pythia-dev/ChampSim/dpc3_traces/605.mcf_s-484B.champsimtrace.xz,/mnt/panzer/rahbera/pythia-dev/ChampSim/dpc3_traces/649.fotonik3d_s-8225B.champsimtrace.xz
SPEC17-mix49,SPEC17,/mnt/panzer/rahbera/pythia-dev/ChampSim/dpc3_traces/621.wrf_s-8065B.champsimtrace.xz,/mnt/panzer/rahbera/pythia-dev/ChampSim/dpc3_traces/603.bwaves_s-2609B.champsimtrace.xz,/mnt/panzer/rahbera/pythia-dev/ChampSim/dpc3_traces/603.bwaves_s-891B.champsimtrace.xz,/mnt/panzer/rahbera/pythia-dev/ChampSim/dpc3_traces/619.lbm_s-2676B.champsimtrace.xz
SPEC17-mix50,SPEC17,/mnt/panzer/rahbera/pythia-dev/ChampSim/dpc3_traces/603.bwaves_s-1740B.champsimtrace.xz,/mnt/panzer/rahbera/pythia-dev/ChampSim/dpc3_traces/605.mcf_s-472B.champsimtrace.xz,/mnt/panzer/rahbera/pythia-dev/ChampSim/dpc3_traces/649.fotonik3d_s-10881B.champsimtrace.xz,/mnt/panzer/rahbera/pythia-dev/ChampSim/dpc3_traces/602.gcc_s-1850B.champsimtrace.xz
SPEC17-mix51,SPEC17,/mnt/panzer/rahbera/pythia-dev/ChampSim/dpc3_traces/605.mcf_s-994B.champsimtrace.xz,/mnt/panzer/rahbera/pythia-dev/ChampSim/dpc3_traces/605.mcf_s-472B.champsimtrace.xz,/mnt/panzer/rahbera/pythia-dev/ChampSim/dpc3_traces/621.wrf_s-6673B.champsimtrace.xz,/mnt/panzer/rahbera/pythia-dev/ChampSim/dpc3_traces/605.mcf_s-782B.champsimtrace.xz
SPEC17-mix52,SPEC17,/mnt/panzer/rahbera/pythia-dev/ChampSim/dpc3_traces/649.fotonik3d_s-7084B.champsimtrace.xz,/mnt/panzer/rahbera/pythia-dev/ChampSim/dpc3_traces/605.mcf_s-1536B.champsimtrace.xz,/mnt/panzer/rahbera/pythia-dev/ChampSim/dpc3_traces/605.mcf_s-782B.champsimtrace.xz,/mnt/panzer/rahbera/pythia-dev/ChampSim/dpc3_traces/620.omnetpp_s-141B.champsimtrace.xz
SPEC17-mix53,SPEC17,/mnt/panzer/rahbera/pythia-dev/ChampSim/dpc3_traces/621.wrf_s-6673B.champsimtrace.xz,/mnt/panzer/rahbera/pythia-dev/ChampSim/dpc3_traces/605.mcf_s-1152B.champsimtrace.xz,/mnt/panzer/rahbera/pythia-dev/ChampSim/dpc3_traces/649.fotonik3d_s-1176B.champsimtrace.xz,/mnt/panzer/rahbera/pythia-dev/ChampSim/dpc3_traces/649.fotonik3d_s-8225B.champsimtrace.xz
SPEC17-mix54,SPEC17,/mnt/panzer/rahbera/pythia-dev/ChampSim/dpc3_traces/654.roms_s-1390B.champsimtrace.xz,/mnt/panzer/rahbera/pythia-dev/ChampSim/dpc3_traces/623.xalancbmk_s-10B.champsimtrace.xz,/mnt/panzer/rahbera/pythia-dev/ChampSim/dpc3_traces/602.gcc_s-2226B.champsimtrace.xz,/mnt/panzer/rahbera/pythia-dev/ChampSim/dpc3_traces/602.gcc_s-734B.champsimtrace.xz
SPEC17-mix55,SPEC17,/mnt/panzer/rahbera/pythia-dev/ChampSim/dpc3_traces/605.mcf_s-1554B.champsimtrace.xz,/mnt/panzer/rahbera/pythia-dev/ChampSim/dpc3_traces/603.bwaves_s-2609B.champsimtrace.xz,/mnt/panzer/rahbera/pythia-dev/ChampSim/dpc3_traces/619.lbm_s-2676B.champsimtrace.xz,/mnt/panzer/rahbera/pythia-dev/ChampSim/dpc3_traces/621.wrf_s-6673B.champsimtrace.xz
SPEC17-mix56,SPEC17,/mnt/panzer/rahbera/pythia-dev/ChampSim/dpc3_traces/619.lbm_s-3766B.champsimtrace.xz,/mnt/panzer/rahbera/pythia-dev/ChampSim/dpc3_traces/603.bwaves_s-2609B.champsimtrace.xz,/mnt/panzer/rahbera/pythia-dev/ChampSim/dpc3_traces/603.bwaves_s-891B.champsimtrace.xz,/mnt/panzer/rahbera/pythia-dev/ChampSim/dpc3_traces/605.mcf_s-1536B.champsimtrace.xz
SPEC17-mix57,SPEC17,/mnt/panzer/rahbera/pythia-dev/ChampSim/dpc3_traces/649.fotonik3d_s-7084B.champsimtrace.xz,/mnt/panzer/rahbera/pythia-dev/ChampSim/dpc3_traces/602.gcc_s-734B.champsimtrace.xz,/mnt/panzer/rahbera/pythia-dev/ChampSim/dpc3_traces/654.roms_s-1007B.champsimtrace.xz,/mnt/panzer/rahbera/pythia-dev/ChampSim/dpc3_traces/605.mcf_s-1536B.champsimtrace.xz
SPEC17-mix58,SPEC17,/mnt/panzer/rahbera/pythia-dev/ChampSim/dpc3_traces/619.lbm_s-3766B.champsimtrace.xz,/mnt/panzer/rahbera/pythia-dev/ChampSim/dpc3_traces/605.mcf_s-782B.champsimtrace.xz,/mnt/panzer/rahbera/pythia-dev/ChampSim/dpc3_traces/603.bwaves_s-2609B.champsimtrace.xz,/mnt/panzer/rahbera/pythia-dev/ChampSim/dpc3_traces/619.lbm_s-2677B.champsimtrace.xz
SPEC17-mix59,SPEC17,/mnt/panzer/rahbera/pythia-dev/ChampSim/dpc3_traces/654.roms_s-293B.champsimtrace.xz,/mnt/panzer/rahbera/pythia-dev/ChampSim/dpc3_traces/602.gcc_s-734B.champsimtrace.xz,/mnt/panzer/rahbera/pythia-dev/ChampSim/dpc3_traces/605.mcf_s-1536B.champsimtrace.xz,/mnt/panzer/rahbera/pythia-dev/ChampSim/dpc3_traces/605.mcf_s-782B.champsimtrace.xz
SPEC17-mix60,SPEC17,/mnt/panzer/rahbera/pythia-dev/ChampSim/dpc3_traces/654.roms_s-293B.champsimtrace.xz,/mnt/panzer/rahbera/pythia-dev/ChampSim/dpc3_traces/619.lbm_s-2676B.champsimtrace.xz,/mnt/panzer/rahbera/pythia-dev/ChampSim/dpc3_traces/654.roms_s-1390B.champsimtrace.xz,/mnt/panzer/rahbera/pythia-dev/ChampSim/dpc3_traces/649.fotonik3d_s-1176B.champsimtrace.xz
SPEC17-mix61,SPEC17,/mnt/panzer/rahbera/pythia-dev/ChampSim/dpc3_traces/649.fotonik3d_s-10881B.champsimtrace.xz,/mnt/panzer/rahbera/pythia-dev/ChampSim/dpc3_traces/654.roms_s-294B.champsimtrace.xz,/mnt/panzer/rahbera/pythia-dev/ChampSim/dpc3_traces/620.omnetpp_s-874B.champsimtrace.xz,/mnt/panzer/rahbera/pythia-dev/ChampSim/dpc3_traces/602.gcc_s-1850B.champsimtrace.xz
SPEC17-mix62,SPEC17,/mnt/panzer/rahbera/pythia-dev/ChampSim/dpc3_traces/654.roms_s-1070B.champsimtrace.xz,/mnt/panzer/rahbera/pythia-dev/ChampSim/dpc3_traces/603.bwaves_s-2931B.champsimtrace.xz,/mnt/panzer/rahbera/pythia-dev/ChampSim/dpc3_traces/620.omnetpp_s-874B.champsimtrace.xz,/mnt/panzer/rahbera/pythia-dev/ChampSim/dpc3_traces/603.bwaves_s-891B.champsimtrace.xz
SPEC17-mix63,SPEC17,/mnt/panzer/rahbera/pythia-dev/ChampSim/dpc3_traces/602.gcc_s-1850B.champsimtrace.xz,/mnt/panzer/rahbera/pythia-dev/ChampSim/dpc3_traces/607.cactuBSSN_s-2421B.champsimtrace.xz,/mnt/panzer/rahbera/pythia-dev/ChampSim/dpc3_traces/605.mcf_s-484B.champsimtrace.xz,/mnt/panzer/rahbera/pythia-dev/ChampSim/dpc3_traces/603.bwaves_s-891B.champsimtrace.xz
SPEC17-mix64,SPEC17,/mnt/panzer/rahbera/pythia-dev/ChampSim/dpc3_traces/605.mcf_s-665B.champsimtrace.xz,/mnt/panzer/rahbera/pythia-dev/ChampSim/dpc3_traces/605.mcf_s-994B.champsimtrace.xz,/mnt/panzer/rahbera/pythia-dev/ChampSim/dpc3_traces/649.fotonik3d_s-1176B.champsimtrace.xz,/mnt/panzer/rahbera/pythia-dev/ChampSim/dpc3_traces/654.roms_s-294B.champsimtrace.xz
SPEC17-mix65,SPEC17,/mnt/panzer/rahbera/pythia-dev/ChampSim/dpc3_traces/620.omnetpp_s-874B.champsimtrace.xz,/mnt/panzer/rahbera/pythia-dev/ChampSim/dpc3_traces/621.wrf_s-8065B.champsimtrace.xz,/mnt/panzer/rahbera/pythia-dev/ChampSim/dpc3_traces/605.mcf_s-1152B.champsimtrace.xz,/mnt/panzer/rahbera/pythia-dev/ChampSim/dpc3_traces/654.roms_s-1390B.champsimtrace.xz
SPEC17-mix66,SPEC17,/mnt/panzer/rahbera/pythia-dev/ChampSim/dpc3_traces/649.fotonik3d_s-8225B.champsimtrace.xz,/mnt/panzer/rahbera/pythia-dev/ChampSim/dpc3_traces/623.xalancbmk_s-10B.champsimtrace.xz,/mnt/panzer/rahbera/pythia-dev/ChampSim/dpc3_traces/603.bwaves_s-891B.champsimtrace.xz,/mnt/panzer/rahbera/pythia-dev/ChampSim/dpc3_traces/649.fotonik3d_s-10881B.champsimtrace.xz
SPEC17-mix67,SPEC17,/mnt/panzer/rahbera/pythia-dev/ChampSim/dpc3_traces/654.roms_s-1070B.champsimtrace.xz,/mnt/panzer/rahbera/pythia-dev/ChampSim/dpc3_traces/605.mcf_s-665B.champsimtrace.xz,/mnt/panzer/rahbera/pythia-dev/ChampSim/dpc3_traces/621.wrf_s-6673B.champsimtrace.xz,/mnt/panzer/rahbera/pythia-dev/ChampSim/dpc3_traces/620.omnetpp_s-141B.champsimtrace.xz
SPEC17-mix68,SPEC17,/mnt/panzer/rahbera/pythia-dev/ChampSim/dpc3_traces/619.lbm_s-3766B.champsimtrace.xz,/mnt/panzer/rahbera/pythia-dev/ChampSim/dpc3_traces/619.lbm_s-4268B.champsimtrace.xz,/mnt/panzer/rahbera/pythia-dev/ChampSim/dpc3_traces/602.gcc_s-1850B.champsimtrace.xz,/mnt/panzer/rahbera/pythia-dev/ChampSim/dpc3_traces/605.mcf_s-484B.champsimtrace.xz
SPEC17-mix69,SPEC17,/mnt/panzer/rahbera/pythia-dev/ChampSim/dpc3_traces/619.lbm_s-2676B.champsimtrace.xz,/mnt/panzer/rahbera/pythia-dev/ChampSim/dpc3_traces/619.lbm_s-3766B.champsimtrace.xz,/mnt/panzer/rahbera/pythia-dev/ChampSim/dpc3_traces/605.mcf_s-484B.champsimtrace.xz,/mnt/panzer/rahbera/pythia-dev/ChampSim/dpc3_traces/623.xalancbmk_s-10B.champsimtrace.xz
SPEC17-mix70,SPEC17,/mnt/panzer/rahbera/pythia-dev/ChampSim/dpc3_traces/605.mcf_s-484B.champsimtrace.xz,/mnt/panzer/rahbera/pythia-dev/ChampSim/dpc3_traces/603.bwaves_s-891B.champsimtrace.xz,/mnt/panzer/rahbera/pythia-dev/ChampSim/dpc3_traces/654.roms_s-293B.champsimtrace.xz,/mnt/panzer/rahbera/pythia-dev/ChampSim/dpc3_traces/605.mcf_s-665B.champsimtrace.xz
SPEC17-mix71,SPEC17,/mnt/panzer/rahbera/pythia-dev/ChampSim/dpc3_traces/623.xalancbmk_s-10B.champsimtrace.xz,/mnt/panzer/rahbera/pythia-dev/ChampSim/dpc3_traces/605.mcf_s-484B.champsimtrace.xz,/mnt/panzer/rahbera/pythia-dev/ChampSim/dpc3_traces/602.gcc_s-734B.champsimtrace.xz,/mnt/panzer/rahbera/pythia-dev/ChampSim/dpc3_traces/619.lbm_s-2677B.champsimtrace.xz
SPEC17-mix72,SPEC17,/mnt/panzer/rahbera/pythia-dev/ChampSim/dpc3_traces/654.roms_s-1390B.champsimtrace.xz,/mnt/panzer/rahbera/pythia-dev/ChampSim/dpc3_traces/654.roms_s-294B.champsimtrace.xz,/mnt/panzer/rahbera/pythia-dev/ChampSim/dpc3_traces/603.bwaves_s-2609B.champsimtrace.xz,/mnt/panzer/rahbera/pythia-dev/ChampSim/dpc3_traces/605.mcf_s-1536B.champsimtrace.xz
SPEC17-mix73,SPEC17,/mnt/panzer/rahbera/pythia-dev/ChampSim/dpc3_traces/605.mcf_s-472B.champsimtrace.xz,/mnt/panzer/rahbera/pythia-dev/ChampSim/dpc3_traces/654.roms_s-1390B.champsimtrace.xz,/mnt/panzer/rahbera/pythia-dev/ChampSim/dpc3_traces/603.bwaves_s-891B.champsimtrace.xz,/mnt/panzer/rahbera/pythia-dev/ChampSim/dpc3_traces/619.lbm_s-2677B.champsimtrace.xz
SPEC17-mix74,SPEC17,/mnt/panzer/rahbera/pythia-dev/ChampSim/dpc3_traces/621.wrf_s-6673B.champsimtrace.xz,/mnt/panzer/rahbera/pythia-dev/ChampSim/dpc3_traces/605.mcf_s-484B.champsimtrace.xz,/mnt/panzer/rahbera/pythia-dev/ChampSim/dpc3_traces/603.bwaves_s-891B.champsimtrace.xz,/mnt/panzer/rahbera/pythia-dev/ChampSim/dpc3_traces/654.roms_s-523B.champsimtrace.xz
SPEC17-mix75,SPEC17,/mnt/panzer/rahbera/pythia-dev/ChampSim/dpc3_traces/654.roms_s-1007B.champsimtrace.xz,/mnt/panzer/rahbera/pythia-dev/ChampSim/dpc3_traces/605.mcf_s-994B.champsimtrace.xz,/mnt/panzer/rahbera/pythia-dev/ChampSim/dpc3_traces/603.bwaves_s-891B.champsimtrace.xz,/mnt/panzer/rahbera/pythia-dev/ChampSim/dpc3_traces/602.gcc_s-1850B.champsimtrace.xz
SPEC17-mix76,SPEC17,/mnt/panzer/rahbera/pythia-dev/ChampSim/dpc3_traces/649.fotonik3d_s-8225B.champsimtrace.xz,/mnt/panzer/rahbera/pythia-dev/ChampSim/dpc3_traces/619.lbm_s-3766B.champsimtrace.xz,/mnt/panzer/rahbera/pythia-dev/ChampSim/dpc3_traces/654.roms_s-294B.champsimtrace.xz,/mnt/panzer/rahbera/pythia-dev/ChampSim/dpc3_traces/602.gcc_s-734B.champsimtrace.xz
SPEC17-mix77,SPEC17,/mnt/panzer/rahbera/pythia-dev/ChampSim/dpc3_traces/623.xalancbmk_s-10B.champsimtrace.xz,/mnt/panzer/rahbera/pythia-dev/ChampSim/dpc3_traces/654.roms_s-293B.champsimtrace.xz,/mnt/panzer/rahbera/pythia-dev/ChampSim/dpc3_traces/620.omnetpp_s-141B.champsimtrace.xz,/mnt/panzer/rahbera/pythia-dev/ChampSim/dpc3_traces/603.bwaves_s-2609B.champsimtrace.xz
SPEC17-mix78,SPEC17,/mnt/panzer/rahbera/pythia-dev/ChampSim/dpc3_traces/605.mcf_s-1644B.champsimtrace.xz,/mnt/panzer/rahbera/pythia-dev/ChampSim/dpc3_traces/605.mcf_s-994B.champsimtrace.xz,/mnt/panzer/rahbera/pythia-dev/ChampSim/dpc3_traces/649.fotonik3d_s-1176B.champsimtrace.xz,/mnt/panzer/rahbera/pythia-dev/ChampSim/dpc3_traces/654.roms_s-1007B.champsimtrace.xz
SPEC17-mix79,SPEC17,/mnt/panzer/rahbera/pythia-dev/ChampSim/dpc3_traces/620.omnetpp_s-874B.champsimtrace.xz,/mnt/panzer/rahbera/pythia-dev/ChampSim/dpc3_traces/605.mcf_s-994B.champsimtrace.xz,/mnt/panzer/rahbera/pythia-dev/ChampSim/dpc3_traces/605.mcf_s-1152B.champsimtrace.xz,/mnt/panzer/rahbera/pythia-dev/ChampSim/dpc3_traces/649.fotonik3d_s-1176B.champsimtrace.xz
SPEC17-mix80,SPEC17,/mnt/panzer/rahbera/pythia-dev/ChampSim/dpc3_traces/623.xalancbmk_s-10B.champsimtrace.xz,/mnt/panzer/rahbera/pythia-dev/ChampSim/dpc3_traces/621.wrf_s-6673B.champsimtrace.xz,/mnt/panzer/rahbera/pythia-dev/ChampSim/dpc3_traces/649.fotonik3d_s-7084B.champsimtrace.xz,/mnt/panzer/rahbera/pythia-dev/ChampSim/dpc3_traces/602.gcc_s-734B.champsimtrace.xz
SPEC17-mix81,SPEC17,/mnt/panzer/rahbera/pythia-dev/ChampSim/dpc3_traces/654.roms_s-293B.champsimtrace.xz,/mnt/panzer/rahbera/pythia-dev/ChampSim/dpc3_traces/623.xalancbmk_s-10B.champsimtrace.xz,/mnt/panzer/rahbera/pythia-dev/ChampSim/dpc3_traces/603.bwaves_s-891B.champsimtrace.xz,/mnt/panzer/rahbera/pythia-dev/ChampSim/dpc3_traces/619.lbm_s-4268B.champsimtrace.xz
SPEC17-mix82,SPEC17,/mnt/panzer/rahbera/pythia-dev/ChampSim/dpc3_traces/605.mcf_s-484B.champsimtrace.xz,/mnt/panzer/rahbera/pythia-dev/ChampSim/dpc3_traces/654.roms_s-294B.champsimtrace.xz,/mnt/panzer/rahbera/pythia-dev/ChampSim/dpc3_traces/620.omnetpp_s-141B.champsimtrace.xz,/mnt/panzer/rahbera/pythia-dev/ChampSim/dpc3_traces/654.roms_s-1007B.champsimtrace.xz
SPEC17-mix83,SPEC17,/mnt/panzer/rahbera/pythia-dev/ChampSim/dpc3_traces/602.gcc_s-734B.champsimtrace.xz,/mnt/panzer/rahbera/pythia-dev/ChampSim/dpc3_traces/620.omnetpp_s-141B.champsimtrace.xz,/mnt/panzer/rahbera/pythia-dev/ChampSim/dpc3_traces/619.lbm_s-2676B.champsimtrace.xz,/mnt/panzer/rahbera/pythia-dev/ChampSim/dpc3_traces/602.gcc_s-1850B.champsimtrace.xz
SPEC17-mix84,SPEC17,/mnt/panzer/rahbera/pythia-dev/ChampSim/dpc3_traces/619.lbm_s-2677B.champsimtrace.xz,/mnt/panzer/rahbera/pythia-dev/ChampSim/dpc3_traces/620.omnetpp_s-141B.champsimtrace.xz,/mnt/panzer/rahbera/pythia-dev/ChampSim/dpc3_traces/602.gcc_s-2226B.champsimtrace.xz,/mnt/panzer/rahbera/pythia-dev/ChampSim/dpc3_traces/654.roms_s-294B.champsimtrace.xz
SPEC17-mix85,SPEC17,/mnt/panzer/rahbera/pythia-dev/ChampSim/dpc3_traces/603.bwaves_s-2609B.champsimtrace.xz,/mnt/panzer/rahbera/pythia-dev/ChampSim/dpc3_traces/602.gcc_s-734B.champsimtrace.xz,/mnt/panzer/rahbera/pythia-dev/ChampSim/dpc3_traces/620.omnetpp_s-874B.champsimtrace.xz,/mnt/panzer/rahbera/pythia-dev/ChampSim/dpc3_traces/605.mcf_s-994B.champsimtrace.xz
SPEC17-mix86,SPEC17,/mnt/panzer/rahbera/pythia-dev/ChampSim/dpc3_traces/605.mcf_s-1554B.champsimtrace.xz,/mnt/panzer/rahbera/pythia-dev/ChampSim/dpc3_traces/605.mcf_s-1152B.champsimtrace.xz,/mnt/panzer/rahbera/pythia-dev/ChampSim/dpc3_traces/605.mcf_s-782B.champsimtrace.xz,/mnt/panzer/rahbera/pythia-dev/ChampSim/dpc3_traces/649.fotonik3d_s-1176B.champsimtrace.xz
SPEC17-mix87,SPEC17,/mnt/panzer/rahbera/pythia-dev/ChampSim/dpc3_traces/654.roms_s-523B.champsimtrace.xz,/mnt/panzer/rahbera/pythia-dev/ChampSim/dpc3_traces/621.wrf_s-6673B.champsimtrace.xz,/mnt/panzer/rahbera/pythia-dev/ChampSim/dpc3_traces/602.gcc_s-2226B.champsimtrace.xz,/mnt/panzer/rahbera/pythia-dev/ChampSim/dpc3_traces/649.fotonik3d_s-1176B.champsimtrace.xz
SPEC17-mix88,SPEC17,/mnt/panzer/rahbera/pythia-dev/ChampSim/dpc3_traces/607.cactuBSSN_s-2421B.champsimtrace.xz,/mnt/panzer/rahbera/pythia-dev/ChampSim/dpc3_traces/649.fotonik3d_s-7084B.champsimtrace.xz,/mnt/panzer/rahbera/pythia-dev/ChampSim/dpc3_traces/649.fotonik3d_s-10881B.champsimtrace.xz,/mnt/panzer/rahbera/pythia-dev/ChampSim/dpc3_traces/605.mcf_s-1554B.champsimtrace.xz
SPEC17-mix89,SPEC17,/mnt/panzer/rahbera/pythia-dev/ChampSim/dpc3_traces/619.lbm_s-4268B.champsimtrace.xz,/mnt/panzer/rahbera/pythia-dev/ChampSim/dpc3_traces/603.bwaves_s-891B.champsimtrace.xz,/mnt/panzer/rahbera/pythia-dev/ChampSim/dpc3_traces/605.mcf_s-484B.champsimtrace.xz,/mnt/panzer/rahbera/pythia-dev/ChampSim/dpc3_traces/602.gcc_s-734B.champsimtrace.xz
SPEC17-mix90,SPEC17,/mnt/panzer/rahbera/pythia-dev/ChampSim/dpc3_traces/602.gcc_s-734B.champsimtrace.xz,/mnt/panzer/rahbera/pythia-dev/ChampSim/dpc3_traces/620.omnetpp_s-141B.champsimtrace.xz,/mnt/panzer/rahbera/pythia-dev/ChampSim/dpc3_traces/654.roms_s-294B.champsimtrace.xz,/mnt/panzer/rahbera/pythia-dev/ChampSim/dpc3_traces/605.mcf_s-1536B.champsimtrace.xz
SPEC17-mix91,SPEC17,/mnt/panzer/rahbera/pythia-dev/ChampSim/dpc3_traces/621.wrf_s-8065B.champsimtrace.xz,/mnt/panzer/rahbera/pythia-dev/ChampSim/dpc3_traces/654.roms_s-1070B.champsimtrace.xz,/mnt/panzer/rahbera/pythia-dev/ChampSim/dpc3_traces/605.mcf_s-484B.champsimtrace.xz,/mnt/panzer/rahbera/pythia-dev/ChampSim/dpc3_traces/602.gcc_s-2226B.champsimtrace.xz
SPEC17-mix92,SPEC17,/mnt/panzer/rahbera/pythia-dev/ChampSim/dpc3_traces/605.mcf_s-1644B.champsimtrace.xz,/mnt/panzer/rahbera/pythia-dev/ChampSim/dpc3_traces/623.xalancbmk_s-10B.champsimtrace.xz,/mnt/panzer/rahbera/pythia-dev/ChampSim/dpc3_traces/621.wrf_s-8065B.champsimtrace.xz,/mnt/panzer/rahbera/pythia-dev/ChampSim/dpc3_traces/649.fotonik3d_s-1176B.champsimtrace.xz
SPEC17-mix93,SPEC17,/mnt/panzer/rahbera/pythia-dev/ChampSim/dpc3_traces/603.bwaves_s-2931B.champsimtrace.xz,/mnt/panzer/rahbera/pythia-dev/ChampSim/dpc3_traces/602.gcc_s-734B.champsimtrace.xz,/mnt/panzer/rahbera/pythia-dev/ChampSim/dpc3_traces/602.gcc_s-1850B.champsimtrace.xz,/mnt/panzer/rahbera/pythia-dev/ChampSim/dpc3_traces/620.omnetpp_s-874B.champsimtrace.xz
SPEC17-mix94,SPEC17,/mnt/panzer/rahbera/pythia-dev/ChampSim/dpc3_traces/619.lbm_s-4268B.champsimtrace.xz,/mnt/panzer/rahbera/pythia-dev/ChampSim/dpc3_traces/603.bwaves_s-891B.champsimtrace.xz,/mnt/panzer/rahbera/pythia-dev/ChampSim/dpc3_traces/654.roms_s-293B.champsimtrace.xz,/mnt/panzer/rahbera/pythia-dev/ChampSim/dpc3_traces/621.wrf_s-6673B.champsimtrace.xz
SPEC17-mix95,SPEC17,/mnt/panzer/rahbera/pythia-dev/ChampSim/dpc3_traces/623.xalancbmk_s-10B.champsimtrace.xz,/mnt/panzer/rahbera/pythia-dev/ChampSim/dpc3_traces/605.mcf_s-472B.champsimtrace.xz,/mnt/panzer/rahbera/pythia-dev/ChampSim/dpc3_traces/654.roms_s-1390B.champsimtrace.xz,/mnt/panzer/rahbera/pythia-dev/ChampSim/dpc3_traces/605.mcf_s-1152B.champsimtrace.xz
SPEC17-mix96,SPEC17,/mnt/panzer/rahbera/pythia-dev/ChampSim/dpc3_traces/603.bwaves_s-1740B.champsimtrace.xz,/mnt/panzer/rahbera/pythia-dev/ChampSim/dpc3_traces/603.bwaves_s-891B.champsimtrace.xz,/mnt/panzer/rahbera/pythia-dev/ChampSim/dpc3_traces/605.mcf_s-1152B.champsimtrace.xz,/mnt/panzer/rahbera/pythia-dev/ChampSim/dpc3_traces/605.mcf_s-484B.champsimtrace.xz
SPEC17-mix97,SPEC17,/mnt/panzer/rahbera/pythia-dev/ChampSim/dpc3_traces/605.mcf_s-665B.champsimtrace.xz,/mnt/panzer/rahbera/pythia-dev/ChampSim/dpc3_traces/605.mcf_s-472B.champsimtrace.xz,/mnt/panzer/rahbera/pythia-dev/ChampSim/dpc3_traces/619.lbm_s-2676B.champsimtrace.xz,/mnt/panzer/rahbera/pythia-dev/ChampSim/dpc3_traces/649.fotonik3d_s-10881B.champsimtrace.xz
SPEC17-mix98,SPEC17,/mnt/panzer/rahbera/pythia-dev/ChampSim/dpc3_traces/605.mcf_s-994B.champsimtrace.xz,/mnt/panzer/rahbera/pythia-dev/ChampSim/dpc3_traces/603.bwaves_s-1740B.champsimtrace.xz,/mnt/panzer/rahbera/pythia-dev/ChampSim/dpc3_traces/605.mcf_s-1644B.champsimtrace.xz,/mnt/panzer/rahbera/pythia-dev/ChampSim/dpc3_traces/619.lbm_s-2676B.champsimtrace.xz
SPEC17-mix99,SPEC17,/mnt/panzer/rahbera/pythia-dev/ChampSim/dpc3_traces/654.roms_s-1390B.champsimtrace.xz,/mnt/panzer/rahbera/pythia-dev/ChampSim/dpc3_traces/607.cactuBSSN_s-2421B.champsimtrace.xz,/mnt/panzer/rahbera/pythia-dev/ChampSim/dpc3_traces/649.fotonik3d_s-1176B.champsimtrace.xz,/mnt/panzer/rahbera/pythia-dev/ChampSim/dpc3_traces/602.gcc_s-1850B.champsimtrace.xz
All-mix0,AllMix,/mnt/galactica/rahbera/tracezoo/champsim/ml/biogpt.cpp-ggml-model-tocilizumab.5.champsimtrace.gz,/mnt/galactica/google-dpc4/gtrace_v2_champsim_1.3Binstr/charlie/charlie_0003.champsim.gz,/mnt/galactica/rahbera/tracezoo/champsim/gms/gms.k_clique_list_danisch_node_parallel.soc-pokec-relationships.slice-1469.champsimtrace.gz,/mnt/panzer/rahbera/pythia-dev/ChampSim/dpc3_traces/605.mcf_s-994B.champsimtrace.xz
All-mix1,AllMix,/mnt/galactica/rahbera/tracezoo/champsim/ml/llama2.c-llama2_7b.1.champsimtrace.gz,/mnt/galactica/google-dpc4/gtrace_v2_champsim_1.3Binstr/merced/merced_0036.champsim.gz,/mnt/galactica/rahbera/tracezoo/champsim/gap/pr-3.trace.gz,/mnt/panzer/rahbera/pythia-dev/ChampSim/dpc3_traces/654.roms_s-294B.champsimtrace.xz
All-mix2,AllMix,/mnt/galactica/rahbera/tracezoo/champsim/ml/biogpt.cpp-ggml-model-tocilizumab.2.champsimtrace.gz,/mnt/galactica/google-dpc4/gtrace_v2_champsim_1.3Binstr/yankee/yankee_0026.champsim.gz,/mnt/galactica/rahbera/tracezoo/champsim/gms/gms.subgraphiso_vf2_sequential.soc-pokec-relationships.slice-6.champsimtrace.gz,/mnt/panzer/rahbera/pythia-dev/ChampSim/dpc3_traces/602.gcc_s-734B.champsimtrace.xz
All-mix3,AllMix,/mnt/galactica/rahbera/tracezoo/champsim/ml/bark.cpp-bark-small.coarse_token_gen.4.champsimtrace.gz,/mnt/galactica/google-dpc4/gtrace_v2_champsim_1.3Binstr/merced/merced_0012.champsim.gz,/mnt/galactica/rahbera/tracezoo/champsim/gms/gms.k_clique_list_danisch_edge_parallel.soc-pokec-relationships.slice-1052.champsimtrace.gz,/mnt/panzer/rahbera/pythia-dev/ChampSim/dpc3_traces/605.mcf_s-782B.champsimtrace.xz
All-mix4,AllMix,/mnt/galactica/rahbera/tracezoo/champsim/ml/stable-diffusion.cpp-v2-1_768-nonema-pruned.4.champsimtrace.gz,/mnt/galactica/google-dpc4/gtrace_v2_champsim_1.3Binstr/yankee/yankee_0032.champsim.gz,/mnt/galactica/rahbera/tracezoo/champsim/gap/bc-5.trace.gz,/mnt/panzer/rahbera/pythia-dev/ChampSim/dpc3_traces/654.roms_s-523B.champsimtrace.xz
All-mix5,AllMix,/mnt/galactica/rahbera/tracezoo/champsim/ml/llama2.c-llama2_7b.14.champsimtrace.gz,/mnt/galactica/google-dpc4/gtrace_v2_champsim_1.3Binstr/yankee/yankee_0056.champsim.gz,/mnt/panzer/rahbera/pythia-dev/ChampSim/traces/ligra_Components-Shortcut.com-lj.ungraph.gcc_6.3.0_O3.drop_22000M.length_250M.champsimtrace.xz,/mnt/panzer/rahbera/pythia-dev/ChampSim/dpc3_traces/649.fotonik3d_s-10881B.champsimtrace.xz
All-mix6,AllMix,/mnt/galactica/rahbera/tracezoo/champsim/ml/llama2.c-llama2_7b.1.champsimtrace.gz,/mnt/galactica/google-dpc4/gtrace_v2_champsim_1.3Binstr/tango/tango_0006.champsim.gz,/mnt/panzer/rahbera/pythia-dev/ChampSim/traces/ligra_PageRankDelta.com-lj.ungraph.gcc_6.3.0_O3.drop_6000M.length_250M.champsimtrace.xz,/mnt/panzer/rahbera/pythia-dev/ChampSim/dpc3_traces/619.lbm_s-2676B.champsimtrace.xz
All-mix7,AllMix,/mnt/galactica/rahbera/tracezoo/champsim/ml/bark.cpp-bark-small.coarse_token_gen.1.champsimtrace.gz,/mnt/galactica/google-dpc4/gtrace_v2_champsim_1.3Binstr/merced/merced_0046.champsim.gz,/mnt/galactica/rahbera/tracezoo/champsim/gms/gms.subgraphiso_vf2_sequential.soc-pokec-relationships.slice-6.champsimtrace.gz,/mnt/panzer/rahbera/pythia-dev/ChampSim/dpc3_traces/620.omnetpp_s-141B.champsimtrace.xz
All-mix8,AllMix,/mnt/galactica/rahbera/tracezoo/champsim/ml/llama2.c-llama2_7b.8.champsimtrace.gz,/mnt/galactica/google-dpc4/gtrace_v2_champsim_1.3Binstr/merced/merced_0044.champsim.gz,/mnt/galactica/rahbera/tracezoo/champsim/gms/gms.k_clique_list_danisch_edge_parallel.soc-pokec-relationships.slice-1052.champsimtrace.gz,/mnt/panzer/rahbera/pythia-dev/ChampSim/dpc3_traces/620.omnetpp_s-141B.champsimtrace.xz
All-mix9,AllMix,/mnt/galactica/rahbera/tracezoo/champsim/ml/biogpt.cpp-ggml-model-tocilizumab.4.champsimtrace.gz,/mnt/galactica/google-dpc4/gtrace_v2_champsim_1.3Binstr/merced/merced_0012.champsim.gz,/mnt/galactica/rahbera/tracezoo/champsim/gms/gms.maximal_clique_enum_bron_kerbosch.soc-pokec-relationships.slice-1099.champsimtrace.gz,/mnt/panzer/rahbera/pythia-dev/ChampSim/dpc3_traces/603.bwaves_s-891B.champsimtrace.xz
All-mix10,AllMix,/mnt/galactica/rahbera/tracezoo/champsim/ml/llama2.c-stories42M.3.champsimtrace.gz,/mnt/galactica/google-dpc4/gtrace_v2_champsim_1.3Binstr/sierra.a.6/sierra.a.6_0011.champsim.gz,/mnt/panzer/rahbera/pythia-dev/ChampSim/traces/ligra_Radii.com-lj.ungraph.gcc_6.3.0_O3.drop_25000M.length_250M.champsimtrace.xz,/mnt/panzer/rahbera/pythia-dev/ChampSim/dpc3_traces/607.cactuBSSN_s-2421B.champsimtrace.xz
All-mix11,AllMix,/mnt/galactica/rahbera/tracezoo/champsim/ml/bark.cpp-bark-small.semantic_token_gen.1.champsimtrace.gz,/mnt/galactica/google-dpc4/gtrace_v2_champsim_1.3Binstr/tango/tango_0012.champsim.gz,/mnt/panzer/rahbera/pythia-dev/ChampSim/traces/ligra_Components-Shortcut.com-lj.ungraph.gcc_6.3.0_O3.drop_17000M.length_250M.champsimtrace.xz,/mnt/panzer/rahbera/pythia-dev/ChampSim/dpc3_traces/605.mcf_s-1152B.champsimtrace.xz
All-mix12,AllMix,/mnt/galactica/rahbera/tracezoo/champsim/ml/rwkv_trace_4.champsimtrace.gz,/mnt/galactica/google-dpc4/gtrace_v2_champsim_1.3Binstr/merced/merced_0005.champsim.gz,/mnt/panzer/rahbera/pythia-dev/ChampSim/traces/ligra_MIS.com-lj.ungraph.gcc_6.3.0_O3.drop_15750M.length_250M.champsimtrace.xz,/mnt/panzer/rahbera/pythia-dev/ChampSim/dpc3_traces/619.lbm_s-2677B.champsimtrace.xz
All-mix13,AllMix,/mnt/galactica/rahbera/tracezoo/champsim/ml/whisper_trace_8.champsimtrace.gz,/mnt/galactica/google-dpc4/gtrace_v2_champsim_1.3Binstr/tahoe/tahoe_0002.champsim.gz,/mnt/panzer/rahbera/pythia-dev/ChampSim/traces/ligra_PageRankDelta.com-lj.ungraph.gcc_6.3.0_O3.drop_17000M.length_250M.champsimtrace.xz,/mnt/panzer/rahbera/pythia-dev/ChampSim/dpc3_traces/605.mcf_s-484B.champsimtrace.xz
All-mix14,AllMix,/mnt/galactica/rahbera/tracezoo/champsim/ml/bark.cpp-bark-small.semantic_token_gen.4.champsimtrace.gz,/mnt/galactica/google-dpc4/gtrace_v2_champsim_1.3Binstr/charlie/charlie_0014.champsim.gz,/mnt/galactica/rahbera/tracezoo/champsim/gms/gms.k_clique_list_danisch_edge_parallel.soc-pokec-relationships.slice-367.champsimtrace.gz,/mnt/panzer/rahbera/pythia-dev/ChampSim/dpc3_traces/619.lbm_s-2677B.champsimtrace.xz
All-mix15,AllMix,/mnt/galactica/rahbera/tracezoo/champsim/ml/biogpt.cpp-ggml-model-tocilizumab.1.champsimtrace.gz,/mnt/galactica/google-dpc4/gtrace_v2_champsim_1.3Binstr/merced/merced_0084.champsim.gz,/mnt/galactica/rahbera/tracezoo/champsim/gap/pr-14.trace.gz,/mnt/panzer/rahbera/pythia-dev/ChampSim/dpc3_traces/621.wrf_s-8065B.champsimtrace.xz
All-mix16,AllMix,/mnt/galactica/rahbera/tracezoo/champsim/ml/llama2.c-llama2_7b.8.champsimtrace.gz,/mnt/galactica/google-dpc4/gtrace_v2_champsim_1.3Binstr/tango/tango_0009.champsim.gz,/mnt/galactica/rahbera/tracezoo/champsim/gms/gms.k_clique_star_list.soc-pokec-relationships.slice-1291.champsimtrace.gz,/mnt/panzer/rahbera/pythia-dev/ChampSim/dpc3_traces/605.mcf_s-1644B.champsimtrace.xz
All-mix17,AllMix,/mnt/galactica/rahbera/tracezoo/champsim/ml/rwkv_trace_3.champsimtrace.gz,/mnt/galactica/google-dpc4/gtrace_v2_champsim_1.3Binstr/sierra.a.6/sierra.a.6_0016.champsim.gz,/mnt/galactica/rahbera/tracezoo/champsim/gms/gms.k_clique_count_set_based.soc-pokec-relationships.slice-953.champsimtrace.gz,/mnt/panzer/rahbera/pythia-dev/ChampSim/dpc3_traces/619.lbm_s-2676B.champsimtrace.xz
All-mix18,AllMix,/mnt/galactica/rahbera/tracezoo/champsim/ml/bark.cpp-bark-small.semantic_token_gen.5.champsimtrace.gz,/mnt/galactica/google-dpc4/gtrace_v2_champsim_1.3Binstr/yankee/yankee_0035.champsim.gz,/mnt/galactica/rahbera/tracezoo/champsim/gms/gms.k_clique_count_set_based.soc-pokec-relationships.slice-34.champsimtrace.gz,/mnt/panzer/rahbera/pythia-dev/ChampSim/dpc3_traces/654.roms_s-294B.champsimtrace.xz
All-mix19,AllMix,/mnt/galactica/rahbera/tracezoo/champsim/ml/llama2.c-llama2_7b.4.champsimtrace.gz,/mnt/galactica/google-dpc4/gtrace_v2_champsim_1.3Binstr/merced/merced_0048.champsim.gz,/mnt/galactica/rahbera/tracezoo/champsim/gms/gms.triangle_count.soc-pokec-relationships.slice-599.champsimtrace.gz,/mnt/panzer/rahbera/pythia-dev/ChampSim/dpc3_traces/621.wrf_s-8065B.champsimtrace.xz
All-mix20,AllMix,/mnt/galactica/rahbera/tracezoo/champsim/ml/llama2.c-llama2_7b.7.champsimtrace.gz,/mnt/galactica/google-dpc4/gtrace_v2_champsim_1.3Binstr/yankee/yankee_0051.champsim.gz,/mnt/panzer/rahbera/pythia-dev/ChampSim/traces/ligra_MIS.com-lj.ungraph.gcc_6.3.0_O3.drop_21250M.length_250M.champsimtrace.xz,/mnt/panzer/rahbera/pythia-dev/ChampSim/dpc3_traces/605.mcf_s-782B.champsimtrace.xz
All-mix21,AllMix,/mnt/galactica/rahbera/tracezoo/champsim/ml/llama2.c-stories15M.2.champsimtrace.gz,/mnt/galactica/google-dpc4/gtrace_v2_champsim_1.3Binstr/charlie/charlie_0019.champsim.gz,/mnt/galactica/rahbera/tracezoo/champsim/gms/gms.k_clique_list_danisch_edge_parallel.soc-pokec-relationships.slice-367.champsimtrace.gz,/mnt/panzer/rahbera/pythia-dev/ChampSim/dpc3_traces/602.gcc_s-734B.champsimtrace.xz
All-mix22,AllMix,/mnt/galactica/rahbera/tracezoo/champsim/ml/llama2.c-stories15M.1.champsimtrace.gz,/mnt/galactica/google-dpc4/gtrace_v2_champsim_1.3Binstr/tahoe/tahoe_0022.champsim.gz,/mnt/galactica/rahbera/tracezoo/champsim/gms/gms.k_clique_list_danisch_edge_parallel.soc-pokec-relationships.slice-911.champsimtrace.gz,/mnt/panzer/rahbera/pythia-dev/ChampSim/dpc3_traces/603.bwaves_s-2609B.champsimtrace.xz
All-mix23,AllMix,/mnt/galactica/rahbera/tracezoo/champsim/ml/llama2.c-llama2_7b.16.champsimtrace.gz,/mnt/galactica/google-dpc4/gtrace_v2_champsim_1.3Binstr/yankee/yankee_0014.champsim.gz,/mnt/galactica/rahbera/tracezoo/champsim/gms/gms.k_clique_list_danisch_serial.soc-pokec-relationships.slice-28.champsimtrace.gz,/mnt/panzer/rahbera/pythia-dev/ChampSim/dpc3_traces/605.mcf_s-665B.champsimtrace.xz
All-mix24,AllMix,/mnt/galactica/rahbera/tracezoo/champsim/ml/stable-diffusion.cpp-v2-1_768-nonema-pruned.3.champsimtrace.gz,/mnt/galactica/google-dpc4/gtrace_v2_champsim_1.3Binstr/tahoe/tahoe_0019.champsim.gz,/mnt/galactica/rahbera/tracezoo/champsim/gms/gms.triangle_count.soc-pokec-relationships.slice-413.champsimtrace.gz,/mnt/panzer/rahbera/pythia-dev/ChampSim/dpc3_traces/605.mcf_s-1554B.champsimtrace.xz
All-mix25,AllMix,/mnt/galactica/rahbera/tracezoo/champsim/ml/llama2.c-llama2_7b.6.champsimtrace.gz,/mnt/galactica/google-dpc4/gtrace_v2_champsim_1.3Binstr/merced/merced_0036.champsim.gz,/mnt/galactica/rahbera/tracezoo/champsim/gms/gms.k_clique_list_danisch_edge_parallel.soc-pokec-relationships.slice-756.champsimtrace.gz,/mnt/panzer/rahbera/pythia-dev/ChampSim/dpc3_traces/654.roms_s-523B.champsimtrace.xz
All-mix26,AllMix,/mnt/galactica/rahbera/tracezoo/champsim/ml/vit.cpp-large-ggml-model-f16.gguf.armadillo.1.champsimtrace.gz,/mnt/galactica/google-dpc4/gtrace_v2_champsim_1.3Binstr/sierra.a.3/sierra.a.3_0010.champsim.gz,/mnt/panzer/rahbera/pythia-dev/ChampSim/traces/ligra_PageRankDelta.com-lj.ungraph.gcc_6.3.0_O3.drop_24000M.length_250M.champsimtrace.xz,/mnt/panzer/rahbera/pythia-dev/ChampSim/dpc3_traces/649.fotonik3d_s-1176B.champsimtrace.xz
All-mix27,AllMix,/mnt/galactica/rahbera/tracezoo/champsim/ml/whisper_trace_3.champsimtrace.gz,/mnt/galactica/google-dpc4/gtrace_v2_champsim_1.3Binstr/tahoe/tahoe_0021.champsim.gz,/mnt/galactica/rahbera/tracezoo/champsim/gms/gms.k_clique_star_list.soc-pokec-relationships.slice-1291.champsimtrace.gz,/mnt/panzer/rahbera/pythia-dev/ChampSim/dpc3_traces/605.mcf_s-782B.champsimtrace.xz
All-mix28,AllMix,/mnt/galactica/rahbera/tracezoo/champsim/ml/clip_trace_2.champsimtrace.gz,/mnt/galactica/google-dpc4/gtrace_v2_champsim_1.3Binstr/tango/tango_0037.champsim.gz,/mnt/panzer/rahbera/pythia-dev/ChampSim/traces/ligra_BFSCC.com-lj.ungraph.gcc_6.3.0_O3.drop_15500M.length_250M.champsimtrace.xz,/mnt/panzer/rahbera/pythia-dev/ChampSim/dpc3_traces/603.bwaves_s-2931B.champsimtrace.xz
All-mix29,AllMix,/mnt/galactica/rahbera/tracezoo/champsim/ml/bark.cpp-bark-small.semantic_token_gen.2.champsimtrace.gz,/mnt/galactica/google-dpc4/gtrace_v2_champsim_1.3Binstr/merced/merced_0021.champsim.gz,/mnt/galactica/rahbera/tracezoo/champsim/gms/gms.k_clique_count_set_based.soc-pokec-relationships.slice-1089.champsimtrace.gz,/mnt/panzer/rahbera/pythia-dev/ChampSim/dpc3_traces/605.mcf_s-1644B.champsimtrace.xz
All-mix30,AllMix,/mnt/galactica/rahbera/tracezoo/champsim/ml/stable-diffusion.cpp-sd-v1-4.ckpt.4.champsimtrace.gz,/mnt/galactica/google-dpc4/gtrace_v2_champsim_1.3Binstr/yankee/yankee_0029.champsim.gz,/mnt/galactica/rahbera/tracezoo/champsim/gap/cc-13.trace.gz,/mnt/panzer/rahbera/pythia-dev/ChampSim/dpc3_traces/621.wrf_s-8065B.champsimtrace.xz
All-mix31,AllMix,/mnt/galactica/rahbera/tracezoo/champsim/ml/rwkv_trace_4.champsimtrace.gz,/mnt/galactica/google-dpc4/gtrace_v2_champsim_1.3Binstr/yankee/yankee_0029.champsim.gz,/mnt/galactica/rahbera/tracezoo/champsim/gms/gms.triangle_count.soc-pokec-relationships.slice-599.champsimtrace.gz,/mnt/panzer/rahbera/pythia-dev/ChampSim/dpc3_traces/654.roms_s-293B.champsimtrace.xz
All-mix32,AllMix,/mnt/galactica/rahbera/tracezoo/champsim/ml/llama2.c-llama2_7b.5.champsimtrace.gz,/mnt/galactica/google-dpc4/gtrace_v2_champsim_1.3Binstr/yankee/yankee_0007.champsim.gz,/mnt/galactica/rahbera/tracezoo/champsim/gap/bc-12.trace.gz,/mnt/panzer/rahbera/pythia-dev/ChampSim/dpc3_traces/605.mcf_s-1152B.champsimtrace.xz
All-mix33,AllMix,/mnt/galactica/rahbera/tracezoo/champsim/ml/vit.cpp-large-ggml-model-f16.gguf.armadillo.1.champsimtrace.gz,/mnt/galactica/google-dpc4/gtrace_v2_champsim_1.3Binstr/sierra.a.3/sierra.a.3_0012.champsim.gz,/mnt/galactica/rahbera/tracezoo/champsim/gms/gms.k_clique_list_danisch_serial.soc-pokec-relationships.slice-4.champsimtrace.gz,/mnt/panzer/rahbera/pythia-dev/ChampSim/dpc3_traces/605.mcf_s-1152B.champsimtrace.xz
All-mix34,AllMix,/mnt/galactica/rahbera/tracezoo/champsim/ml/llama2.c-stories110M.1.champsimtrace.gz,/mnt/galactica/google-dpc4/gtrace_v2_champsim_1.3Binstr/tahoe/tahoe_0039.champsim.gz,/mnt/galactica/rahbera/tracezoo/champsim/gms/gms.k_clique_count_set_based.soc-pokec-relationships.slice-110.champsimtrace.gz,/mnt/panzer/rahbera/pythia-dev/ChampSim/dpc3_traces/649.fotonik3d_s-8225B.champsimtrace.xz
All-mix35,AllMix,/mnt/galactica/rahbera/tracezoo/champsim/ml/bark.cpp-bark-small.coarse_token_gen.1.champsimtrace.gz,/mnt/galactica/google-dpc4/gtrace_v2_champsim_1.3Binstr/sierra.a.3/sierra.a.3_0010.champsim.gz,/mnt/panzer/rahbera/pythia-dev/ChampSim/traces/ligra_BFSCC.com-lj.ungraph.gcc_6.3.0_O3.drop_17000M.length_250M.champsimtrace.xz,/mnt/panzer/rahbera/pythia-dev/ChampSim/dpc3_traces/605.mcf_s-472B.champsimtrace.xz
All-mix36,AllMix,/mnt/galactica/rahbera/tracezoo/champsim/ml/stable-diffusion.cpp-v2-1_768-nonema-pruned.4.champsimtrace.gz,/mnt/galactica/google-dpc4/gtrace_v2_champsim_1.3Binstr/merced/merced_0019.champsim.gz,/mnt/galactica/rahbera/tracezoo/champsim/gms/gms.k_clique_list_danisch_node_parallel.soc-pokec-relationships.slice-497.champsimtrace.gz,/mnt/panzer/rahbera/pythia-dev/ChampSim/dpc3_traces/654.roms_s-1390B.champsimtrace.xz
All-mix37,AllMix,/mnt/galactica/rahbera/tracezoo/champsim/ml/whisper_trace_6.champsimtrace.gz,/mnt/galactica/google-dpc4/gtrace_v2_champsim_1.3Binstr/merced/merced_0066.champsim.gz,/mnt/galactica/rahbera/tracezoo/champsim/gms/gms.k_clique_count_set_based.soc-pokec-relationships.slice-1089.champsimtrace.gz,/mnt/panzer/rahbera/pythia-dev/ChampSim/dpc3_traces/621.wrf_s-6673B.champsimtrace.xz
All-mix38,AllMix,/mnt/galactica/rahbera/tracezoo/champsim/ml/clip_trace_5.champsimtrace.gz,/mnt/galactica/google-dpc4/gtrace_v2_champsim_1.3Binstr/yankee/yankee_0000.champsim.gz,/mnt/panzer/rahbera/pythia-dev/ChampSim/traces/ligra_Components.com-lj.ungraph.gcc_6.3.0_O3.drop_15750M.length_250M.champsimtrace.xz,/mnt/panzer/rahbera/pythia-dev/ChampSim/dpc3_traces/602.gcc_s-1850B.champsimtrace.xz
All-mix39,AllMix,/mnt/galactica/rahbera/tracezoo/champsim/ml/whisper_trace_5.champsimtrace.gz,/mnt/galactica/google-dpc4/gtrace_v2_champsim_1.3Binstr/sierra.a.6/sierra.a.6_0000.champsim.gz,/mnt/panzer/rahbera/pythia-dev/ChampSim/traces/ligra_BellmanFord.com-lj.ungraph.gcc_6.3.0_O3.drop_22250M.length_250M.champsimtrace.xz,/mnt/panzer/rahbera/pythia-dev/ChampSim/dpc3_traces/602.gcc_s-2226B.champsimtrace.xz
All-mix40,AllMix,/mnt/galactica/rahbera/tracezoo/champsim/ml/biogpt.cpp-ggml-model-tocilizumab.5.champsimtrace.gz,/mnt/galactica/google-dpc4/gtrace_v2_champsim_1.3Binstr/tahoe/tahoe_0002.champsim.gz,/mnt/galactica/rahbera/tracezoo/champsim/gms/gms.k_clique_list_danisch_node_parallel.soc-pokec-relationships.slice-744.champsimtrace.gz,/mnt/panzer/rahbera/pythia-dev/ChampSim/dpc3_traces/605.mcf_s-994B.champsimtrace.xz
All-mix41,AllMix,/mnt/galactica/rahbera/tracezoo/champsim/ml/bark.cpp-bark-small.semantic_token_gen.3.champsimtrace.gz,/mnt/galactica/google-dpc4/gtrace_v2_champsim_1.3Binstr/merced/merced_0088.champsim.gz,/mnt/panzer/rahbera/pythia-dev/ChampSim/traces/ligra_PageRank.com-lj.ungraph.gcc_6.3.0_O3.drop_51000M.length_250M.champsimtrace.xz,/mnt/panzer/rahbera/pythia-dev/ChampSim/dpc3_traces/603.bwaves_s-2931B.champsimtrace.xz
All-mix42,AllMix,/mnt/galactica/rahbera/tracezoo/champsim/ml/biogpt.cpp-ggml-model-tocilizumab.1.champsimtrace.gz,/mnt/galactica/google-dpc4/gtrace_v2_champsim_1.3Binstr/tango/tango_0025.champsim.gz,/mnt/galactica/rahbera/tracezoo/champsim/gap/cc-13.trace.gz,/mnt/panzer/rahbera/pythia-dev/ChampSim/dpc3_traces/654.roms_s-294B.champsimtrace.xz
All-mix43,AllMix,/mnt/galactica/rahbera/tracezoo/champsim/ml/clip_trace_1.champsimtrace.gz,/mnt/galactica/google-dpc4/gtrace_v2_champsim_1.3Binstr/merced/merced_0030.champsim.gz,/mnt/galactica/rahbera/tracezoo/champsim/gms/gms.triangle_count.soc-pokec-relationships.slice-677.champsimtrace.gz,/mnt/panzer/rahbera/pythia-dev/ChampSim/dpc3_traces/654.roms_s-523B.champsimtrace.xz
All-mix44,AllMix,/mnt/galactica/rahbera/tracezoo/champsim/ml/llama2.c-llama2_7b.10.champsimtrace.gz,/mnt/galactica/google-dpc4/gtrace_v2_champsim_1.3Binstr/sierra.a.3/sierra.a.3_0011.champsim.gz,/mnt/panzer/rahbera/pythia-dev/ChampSim/traces/ligra_Components.com-lj.ungraph.gcc_6.3.0_O3.drop_15750M.length_250M.champsimtrace.xz,/mnt/panzer/rahbera/pythia-dev/ChampSim/dpc3_traces/649.fotonik3d_s-1176B.champsimtrace.xz
All-mix45,AllMix,/mnt/galactica/rahbera/tracezoo/champsim/ml/llama2.c-llama2_7b.16.champsimtrace.gz,/mnt/galactica/google-dpc4/gtrace_v2_champsim_1.3Binstr/yankee/yankee_0000.champsim.gz,/mnt/galactica/rahbera/tracezoo/champsim/gms/gms.k_clique_count_set_based.soc-pokec-relationships.slice-807.champsimtrace.gz,/mnt/panzer/rahbera/pythia-dev/ChampSim/dpc3_traces/619.lbm_s-3766B.champsimtrace.xz
All-mix46,AllMix,/mnt/galactica/rahbera/tracezoo/champsim/ml/stable-diffusion.cpp-sd-v1-4.ckpt.1.champsimtrace.gz,/mnt/galactica/google-dpc4/gtrace_v2_champsim_1.3Binstr/yankee/yankee_0067.champsim.gz,/mnt/galactica/rahbera/tracezoo/champsim/gms/gms.k_clique_star_list.soc-pokec-relationships.slice-696.champsimtrace.gz,/mnt/panzer/rahbera/pythia-dev/ChampSim/dpc3_traces/649.fotonik3d_s-7084B.champsimtrace.xz
All-mix47,AllMix,/mnt/galactica/rahbera/tracezoo/champsim/ml/vit.cpp-base-ggml-model-f16.gguf.armadillo.1.champsimtrace.gz,/mnt/galactica/google-dpc4/gtrace_v2_champsim_1.3Binstr/tango/tango_0008.champsim.gz,/mnt/galactica/rahbera/tracezoo/champsim/gap/sssp-10.trace.gz,/mnt/panzer/rahbera/pythia-dev/ChampSim/dpc3_traces/605.mcf_s-994B.champsimtrace.xz
All-mix48,AllMix,/mnt/galactica/rahbera/tracezoo/champsim/ml/llama2.c-llama2_7b.1.champsimtrace.gz,/mnt/galactica/google-dpc4/gtrace_v2_champsim_1.3Binstr/delta/delta_0001.champsim.gz,/mnt/galactica/rahbera/tracezoo/champsim/gms/gms.k_clique_list_danisch_serial.soc-pokec-relationships.slice-4.champsimtrace.gz,/mnt/panzer/rahbera/pythia-dev/ChampSim/dpc3_traces/602.gcc_s-2226B.champsimtrace.xz
All-mix49,AllMix,/mnt/galactica/rahbera/tracezoo/champsim/ml/whisper_trace_4.champsimtrace.gz,/mnt/galactica/google-dpc4/gtrace_v2_champsim_1.3Binstr/yankee/yankee_0007.champsim.gz,/mnt/galactica/rahbera/tracezoo/champsim/gms/gms.k_clique_list_danisch_edge_parallel.soc-pokec-relationships.slice-367.champsimtrace.gz,/mnt/panzer/rahbera/pythia-dev/ChampSim/dpc3_traces/605.mcf_s-782B.champsimtrace.xz
All-mix50,AllMix,/mnt/galactica/rahbera/tracezoo/champsim/ml/bark.cpp-bark-small.coarse_token_gen.1.champsimtrace.gz,/mnt/galactica/google-dpc4/gtrace_v2_champsim_1.3Binstr/merced/merced_0001.champsim.gz,/mnt/galactica/rahbera/tracezoo/champsim/gap/bfs-8.trace.gz,/mnt/panzer/rahbera/pythia-dev/ChampSim/dpc3_traces/605.mcf_s-782B.champsimtrace.xz
All-mix51,AllMix,/mnt/galactica/rahbera/tracezoo/champsim/ml/bark.cpp-bark-small.semantic_token_gen.4.champsimtrace.gz,/mnt/galactica/google-dpc4/gtrace_v2_champsim_1.3Binstr/charlie/charlie_0007.champsim.gz,/mnt/galactica/rahbera/tracezoo/champsim/gms/gms.k_clique_list_danisch_serial.soc-pokec-relationships.slice-48.champsimtrace.gz,/mnt/panzer/rahbera/pythia-dev/ChampSim/dpc3_traces/603.bwaves_s-2609B.champsimtrace.xz
All-mix52,AllMix,/mnt/galactica/rahbera/tracezoo/champsim/ml/stable-diffusion.cpp-v2-1_768-nonema-pruned.5.champsimtrace.gz,/mnt/galactica/google-dpc4/gtrace_v2_champsim_1.3Binstr/merced/merced_0086.champsim.gz,/mnt/galactica/rahbera/tracezoo/champsim/gms/gms.k_clique_list_danisch_node_parallel.soc-pokec-relationships.slice-1469.champsimtrace.gz,/mnt/panzer/rahbera/pythia-dev/ChampSim/dpc3_traces/654.roms_s-1070B.champsimtrace.xz
All-mix53,AllMix,/mnt/galactica/rahbera/tracezoo/champsim/ml/llama2.c-llama2_7b.16.champsimtrace.gz,/mnt/galactica/google-dpc4/gtrace_v2_champsim_1.3Binstr/yankee/yankee_0000.champsim.gz,/mnt/galactica/rahbera/tracezoo/champsim/gap/sssp-14.trace.gz,/mnt/panzer/rahbera/pythia-dev/ChampSim/dpc3_traces/654.roms_s-1007B.champsimtrace.xz
All-mix54,AllMix,/mnt/galactica/rahbera/tracezoo/champsim/ml/llama2.c-llama2_7b.4.champsimtrace.gz,/mnt/galactica/google-dpc4/gtrace_v2_champsim_1.3Binstr/tango/tango_0019.champsim.gz,/mnt/galactica/rahbera/tracezoo/champsim/gms/gms.subgraphiso_vf2_sequential.soc-pokec-relationships.slice-21.champsimtrace.gz,/mnt/panzer/rahbera/pythia-dev/ChampSim/dpc3_traces/605.mcf_s-484B.champsimtrace.xz
All-mix55,AllMix,/mnt/galactica/rahbera/tracezoo/champsim/ml/biogpt.cpp-ggml-model-tocilizumab.3.champsimtrace.gz,/mnt/galactica/google-dpc4/gtrace_v2_champsim_1.3Binstr/merced/merced_0014.champsim.gz,/mnt/galactica/rahbera/tracezoo/champsim/gms/gms.triangle_count.soc-pokec-relationships.slice-117.champsimtrace.gz,/mnt/panzer/rahbera/pythia-dev/ChampSim/dpc3_traces/620.omnetpp_s-874B.champsimtrace.xz
All-mix56,AllMix,/mnt/galactica/rahbera/tracezoo/champsim/ml/stable-diffusion.cpp-sd-v1-4.ckpt.4.champsimtrace.gz,/mnt/galactica/google-dpc4/gtrace_v2_champsim_1.3Binstr/tahoe/tahoe_0027.champsim.gz,/mnt/galactica/rahbera/tracezoo/champsim/gms/gms.triangle_count.soc-pokec-relationships.slice-599.champsimtrace.gz,/mnt/panzer/rahbera/pythia-dev/ChampSim/dpc3_traces/603.bwaves_s-1740B.champsimtrace.xz
All-mix57,AllMix,/mnt/galactica/rahbera/tracezoo/champsim/ml/biogpt.cpp-ggml-model-tocilizumab.3.champsimtrace.gz,/mnt/galactica/google-dpc4/gtrace_v2_champsim_1.3Binstr/delta/delta_0000.champsim.gz,/mnt/galactica/rahbera/tracezoo/champsim/gms/gms.subgraphiso_vf2_sequential.soc-pokec-relationships.slice-1.champsimtrace.gz,/mnt/panzer/rahbera/pythia-dev/ChampSim/dpc3_traces/620.omnetpp_s-141B.champsimtrace.xz
All-mix58,AllMix,/mnt/galactica/rahbera/tracezoo/champsim/ml/biogpt.cpp-ggml-model-tocilizumab.4.champsimtrace.gz,/mnt/galactica/google-dpc4/gtrace_v2_champsim_1.3Binstr/sierra.a.3/sierra.a.3_0003.champsim.gz,/mnt/galactica/rahbera/tracezoo/champsim/gms/gms.k_clique_count_set_based.soc-pokec-relationships.slice-665.champsimtrace.gz,/mnt/panzer/rahbera/pythia-dev/ChampSim/dpc3_traces/605.mcf_s-484B.champsimtrace.xz
All-mix59,AllMix,/mnt/galactica/rahbera/tracezoo/champsim/ml/vit.cpp-large-ggml-model-f16.gguf.armadillo.1.champsimtrace.gz,/mnt/galactica/google-dpc4/gtrace_v2_champsim_1.3Binstr/tango/tango_0006.champsim.gz,/mnt/galactica/rahbera/tracezoo/champsim/gap/sssp-3.trace.gz,/mnt/panzer/rahbera/pythia-dev/ChampSim/dpc3_traces/649.fotonik3d_s-1176B.champsimtrace.xz
All-mix60,AllMix,/mnt/galactica/rahbera/tracezoo/champsim/ml/llama2.c-llama2_7b.12.champsimtrace.gz,/mnt/galactica/google-dpc4/gtrace_v2_champsim_1.3Binstr/sierra.a.4/sierra.a.4_0001.champsim.gz,/mnt/galactica/rahbera/tracezoo/champsim/gms/gms.triangle_count.soc-pokec-relationships.slice-599.champsimtrace.gz,/mnt/panzer/rahbera/pythia-dev/ChampSim/dpc3_traces/605.mcf_s-994B.champsimtrace.xz
All-mix61,AllMix,/mnt/galactica/rahbera/tracezoo/champsim/ml/bark.cpp-bark-small.semantic_token_gen.5.champsimtrace.gz,/mnt/galactica/google-dpc4/gtrace_v2_champsim_1.3Binstr/tango/tango_0003.champsim.gz,/mnt/panzer/rahbera/pythia-dev/ChampSim/traces/ligra_MIS.com-lj.ungraph.gcc_6.3.0_O3.drop_15750M.length_250M.champsimtrace.xz,/mnt/panzer/rahbera/pythia-dev/ChampSim/dpc3_traces/603.bwaves_s-891B.champsimtrace.xz
All-mix62,AllMix,/mnt/galactica/rahbera/tracezoo/champsim/ml/bark.cpp-bark-small.semantic_token_gen.2.champsimtrace.gz,/mnt/galactica/google-dpc4/gtrace_v2_champsim_1.3Binstr/yankee/yankee_0057.champsim.gz,/mnt/panzer/rahbera/pythia-dev/ChampSim/traces/ligra_Components-Shortcut.com-lj.ungraph.gcc_6.3.0_O3.drop_22000M.length_250M.champsimtrace.xz,/mnt/panzer/rahbera/pythia-dev/ChampSim/dpc3_traces/602.gcc_s-1850B.champsimtrace.xz
All-mix63,AllMix,/mnt/galactica/rahbera/tracezoo/champsim/ml/biogpt.cpp-ggml-model-tocilizumab.2.champsimtrace.gz,/mnt/galactica/google-dpc4/gtrace_v2_champsim_1.3Binstr/merced/merced_0086.champsim.gz,/mnt/galactica/rahbera/tracezoo/champsim/gms/gms.k_clique_count_set_based.soc-pokec-relationships.slice-34.champsimtrace.gz,/mnt/panzer/rahbera/pythia-dev/ChampSim/dpc3_traces/649.fotonik3d_s-10881B.champsimtrace.xz
All-mix64,AllMix,/mnt/galactica/rahbera/tracezoo/champsim/ml/stable-diffusion.cpp-v2-1_768-nonema-pruned.2.champsimtrace.gz,/mnt/galactica/google-dpc4/gtrace_v2_champsim_1.3Binstr/tango/tango_0023.champsim.gz,/mnt/galactica/rahbera/tracezoo/champsim/gms/gms.k_clique_list_danisch_edge_parallel.soc-pokec-relationships.slice-1052.champsimtrace.gz,/mnt/panzer/rahbera/pythia-dev/ChampSim/dpc3_traces/623.xalancbmk_s-10B.champsimtrace.xz
All-mix65,AllMix,/mnt/galactica/rahbera/tracezoo/champsim/ml/bark.cpp-bark-small.semantic_token_gen.3.champsimtrace.gz,/mnt/galactica/google-dpc4/gtrace_v2_champsim_1.3Binstr/merced/merced_0049.champsim.gz,/mnt/galactica/rahbera/tracezoo/champsim/gms/gms.maximal_clique_enum_bron_kerbosch.soc-pokec-relationships.slice-1099.champsimtrace.gz,/mnt/panzer/rahbera/pythia-dev/ChampSim/dpc3_traces/602.gcc_s-1850B.champsimtrace.xz
All-mix66,AllMix,/mnt/galactica/rahbera/tracezoo/champsim/ml/rwkv_trace_5.champsimtrace.gz,/mnt/galactica/google-dpc4/gtrace_v2_champsim_1.3Binstr/sierra.a.3/sierra.a.3_0011.champsim.gz,/mnt/galactica/rahbera/tracezoo/champsim/gms/gms.triangle_count.soc-pokec-relationships.slice-413.champsimtrace.gz,/mnt/panzer/rahbera/pythia-dev/ChampSim/dpc3_traces/619.lbm_s-2677B.champsimtrace.xz
All-mix67,AllMix,/mnt/galactica/rahbera/tracezoo/champsim/ml/stable-diffusion.cpp-sd-v1-4.ckpt.4.champsimtrace.gz,/mnt/galactica/google-dpc4/gtrace_v2_champsim_1.3Binstr/yankee/yankee_0080.champsim.gz,/mnt/panzer/rahbera/pythia-dev/ChampSim/traces/ligra_MIS.com-lj.ungraph.gcc_6.3.0_O3.drop_21250M.length_250M.champsimtrace.xz,/mnt/panzer/rahbera/pythia-dev/ChampSim/dpc3_traces/654.roms_s-1070B.champsimtrace.xz
All-mix68,AllMix,/mnt/galactica/rahbera/tracezoo/champsim/ml/clip_trace_4.champsimtrace.gz,/mnt/galactica/google-dpc4/gtrace_v2_champsim_1.3Binstr/merced/merced_0062.champsim.gz,/mnt/galactica/rahbera/tracezoo/champsim/gms/gms.k_clique_list_danisch_node_parallel.soc-pokec-relationships.slice-248.champsimtrace.gz,/mnt/panzer/rahbera/pythia-dev/ChampSim/dpc3_traces/605.mcf_s-665B.champsimtrace.xz
All-mix69,AllMix,/mnt/galactica/rahbera/tracezoo/champsim/ml/bark.cpp-bark-small.semantic_token_gen.3.champsimtrace.gz,/mnt/galactica/google-dpc4/gtrace_v2_champsim_1.3Binstr/yankee/yankee_0020.champsim.gz,/mnt/panzer/rahbera/pythia-dev/ChampSim/traces/ligra_Components-Shortcut.com-lj.ungraph.gcc_6.3.0_O3.drop_22000M.length_250M.champsimtrace.xz,/mnt/panzer/rahbera/pythia-dev/ChampSim/dpc3_traces/603.bwaves_s-1740B.champsimtrace.xz
All-mix70,AllMix,/mnt/galactica/rahbera/tracezoo/champsim/ml/llama2.c-stories15M.1.champsimtrace.gz,/mnt/galactica/google-dpc4/gtrace_v2_champsim_1.3Binstr/charlie/charlie_0020.champsim.gz,/mnt/galactica/rahbera/tracezoo/champsim/gap/bfs-3.trace.gz,/mnt/panzer/rahbera/pythia-dev/ChampSim/dpc3_traces/654.roms_s-1007B.champsimtrace.xz
All-mix71,AllMix,/mnt/galactica/rahbera/tracezoo/champsim/ml/stable-diffusion.cpp-v2-1_768-nonema-pruned.4.champsimtrace.gz,/mnt/galactica/google-dpc4/gtrace_v2_champsim_1.3Binstr/tango/tango_0048.champsim.gz,/mnt/galactica/rahbera/tracezoo/champsim/gms/gms.k_clique_count_set_based.soc-pokec-relationships.slice-110.champsimtrace.gz,/mnt/panzer/rahbera/pythia-dev/ChampSim/dpc3_traces/603.bwaves_s-1740B.champsimtrace.xz
All-mix72,AllMix,/mnt/galactica/rahbera/tracezoo/champsim/ml/stable-diffusion.cpp-v2-1_768-nonema-pruned.5.champsimtrace.gz,/mnt/galactica/google-dpc4/gtrace_v2_champsim_1.3Binstr/merced/merced_0006.champsim.gz,/mnt/galactica/rahbera/tracezoo/champsim/gms/gms.k_clique_count_set_based.soc-pokec-relationships.slice-4.champsimtrace.gz,/mnt/panzer/rahbera/pythia-dev/ChampSim/dpc3_traces/603.bwaves_s-2609B.champsimtrace.xz
All-mix73,AllMix,/mnt/galactica/rahbera/tracezoo/champsim/ml/whisper_trace_5.champsimtrace.gz,/mnt/galactica/google-dpc4/gtrace_v2_champsim_1.3Binstr/delta/delta_0003.champsim.gz,/mnt/galactica/rahbera/tracezoo/champsim/gms/gms.k_clique_list_danisch_edge_parallel.soc-pokec-relationships.slice-389.champsimtrace.gz,/mnt/panzer/rahbera/pythia-dev/ChampSim/dpc3_traces/623.xalancbmk_s-10B.champsimtrace.xz
All-mix74,AllMix,/mnt/galactica/rahbera/tracezoo/champsim/ml/biogpt.cpp-ggml-model-tocilizumab.6.champsimtrace.gz,/mnt/galactica/google-dpc4/gtrace_v2_champsim_1.3Binstr/yankee/yankee_0015.champsim.gz,/mnt/galactica/rahbera/tracezoo/champsim/gms/gms.k_clique_list_danisch_edge_parallel.soc-pokec-relationships.slice-756.champsimtrace.gz,/mnt/panzer/rahbera/pythia-dev/ChampSim/dpc3_traces/602.gcc_s-734B.champsimtrace.xz
All-mix75,AllMix,/mnt/galactica/rahbera/tracezoo/champsim/ml/whisper_trace_8.champsimtrace.gz,/mnt/galactica/google-dpc4/gtrace_v2_champsim_1.3Binstr/merced/merced_0006.champsim.gz,/mnt/galactica/rahbera/tracezoo/champsim/gms/gms.subgraphiso_vf2_sequential.soc-pokec-relationships.slice-27.champsimtrace.gz,/mnt/panzer/rahbera/pythia-dev/ChampSim/dpc3_traces/654.roms_s-293B.champsimtrace.xz
All-mix76,AllMix,/mnt/galactica/rahbera/tracezoo/champsim/ml/llama2.c-stories15M.1.champsimtrace.gz,/mnt/galactica/google-dpc4/gtrace_v2_champsim_1.3Binstr/sierra.a.3/sierra.a.3_0009.champsim.gz,/mnt/galactica/rahbera/tracezoo/champsim/gms/gms.k_clique_count_set_based.soc-pokec-relationships.slice-953.champsimtrace.gz,/mnt/panzer/rahbera/pythia-dev/ChampSim/dpc3_traces/619.lbm_s-4268B.champsimtrace.xz
All-mix77,AllMix,/mnt/galactica/rahbera/tracezoo/champsim/ml/llama2.c-llama2_7b.3.champsimtrace.gz,/mnt/galactica/google-dpc4/gtrace_v2_champsim_1.3Binstr/sierra.a.3/sierra.a.3_0011.champsim.gz,/mnt/galactica/rahbera/tracezoo/champsim/gms/gms.maximal_clique_enum_bron_kerbosch.soc-pokec-relationships.slice-4814.champsimtrace.gz,/mnt/panzer/rahbera/pythia-dev/ChampSim/dpc3_traces/605.mcf_s-1536B.champsimtrace.xz
All-mix78,AllMix,/mnt/galactica/rahbera/tracezoo/champsim/ml/llama2.c-stories110M.2.champsimtrace.gz,/mnt/galactica/google-dpc4/gtrace_v2_champsim_1.3Binstr/tango/tango_0011.champsim.gz,/mnt/galactica/rahbera/tracezoo/champsim/gms/gms.k_clique_list_danisch_serial.soc-pokec-relationships.slice-28.champsimtrace.gz,/mnt/panzer/rahbera/pythia-dev/ChampSim/dpc3_traces/603.bwaves_s-2609B.champsimtrace.xz
All-mix79,AllMix,/mnt/galactica/rahbera/tracezoo/champsim/ml/bark.cpp-bark-small.coarse_token_gen.2.champsimtrace.gz,/mnt/galactica/google-dpc4/gtrace_v2_champsim_1.3Binstr/tango/tango_0011.champsim.gz,/mnt/panzer/rahbera/pythia-dev/ChampSim/traces/ligra_PageRank.com-lj.ungraph.gcc_6.3.0_O3.drop_51000M.length_250M.champsimtrace.xz,/mnt/panzer/rahbera/pythia-dev/ChampSim/dpc3_traces/603.bwaves_s-891B.champsimtrace.xz
All-mix80,AllMix,/mnt/galactica/rahbera/tracezoo/champsim/ml/bark.cpp-bark-small.semantic_token_gen.5.champsimtrace.gz,/mnt/galactica/google-dpc4/gtrace_v2_champsim_1.3Binstr/whiskey/whiskey_0001.champsim.gz,/mnt/galactica/rahbera/tracezoo/champsim/gms/gms.k_clique_list_danisch_edge_parallel.soc-pokec-relationships.slice-1052.champsimtrace.gz,/mnt/panzer/rahbera/pythia-dev/ChampSim/dpc3_traces/654.roms_s-1390B.champsimtrace.xz
All-mix81,AllMix,/mnt/galactica/rahbera/tracezoo/champsim/ml/llama2.c-llama2_7b.6.champsimtrace.gz,/mnt/galactica/google-dpc4/gtrace_v2_champsim_1.3Binstr/merced/merced_0032.champsim.gz,/mnt/galactica/rahbera/tracezoo/champsim/gms/gms.k_clique_list_danisch_serial.soc-pokec-relationships.slice-56.champsimtrace.gz,/mnt/panzer/rahbera/pythia-dev/ChampSim/dpc3_traces/603.bwaves_s-2609B.champsimtrace.xz
All-mix82,AllMix,/mnt/galactica/rahbera/tracezoo/champsim/ml/llama2.c-llama2_7b.4.champsimtrace.gz,/mnt/galactica/google-dpc4/gtrace_v2_champsim_1.3Binstr/tahoe/tahoe_0006.champsim.gz,/mnt/galactica/rahbera/tracezoo/champsim/gms/gms.k_clique_list_danisch_node_parallel.soc-pokec-relationships.slice-236.champsimtrace.gz,/mnt/panzer/rahbera/pythia-dev/ChampSim/dpc3_traces/605.mcf_s-1644B.champsimtrace.xz
All-mix83,AllMix,/mnt/galactica/rahbera/tracezoo/champsim/ml/stable-diffusion.cpp-v1-5-pruned-emaonly.1.champsimtrace.gz,/mnt/galactica/google-dpc4/gtrace_v2_champsim_1.3Binstr/yankee/yankee_0002.champsim.gz,/mnt/galactica/rahbera/tracezoo/champsim/gms/gms.k_clique_list_danisch_node_parallel.soc-pokec-relationships.slice-497.champsimtrace.gz,/mnt/panzer/rahbera/pythia-dev/ChampSim/dpc3_traces/654.roms_s-293B.champsimtrace.xz
All-mix84,AllMix,/mnt/galactica/rahbera/tracezoo/champsim/ml/bark.cpp-bark-small.coarse_token_gen.2.champsimtrace.gz,/mnt/galactica/google-dpc4/gtrace_v2_champsim_1.3Binstr/yankee/yankee_0065.champsim.gz,/mnt/panzer/rahbera/pythia-dev/ChampSim/traces/ligra_MIS.com-lj.ungraph.gcc_6.3.0_O3.drop_15750M.length_250M.champsimtrace.xz,/mnt/panzer/rahbera/pythia-dev/ChampSim/dpc3_traces/619.lbm_s-3766B.champsimtrace.xz
All-mix85,AllMix,/mnt/galactica/rahbera/tracezoo/champsim/ml/biogpt.cpp-ggml-model-tocilizumab.4.champsimtrace.gz,/mnt/galactica/google-dpc4/gtrace_v2_champsim_1.3Binstr/merced/merced_0033.champsim.gz,/mnt/galactica/rahbera/tracezoo/champsim/gms/gms.k_clique_list_danisch_edge_parallel.soc-pokec-relationships.slice-80.champsimtrace.gz,/mnt/panzer/rahbera/pythia-dev/ChampSim/dpc3_traces/605.mcf_s-1152B.champsimtrace.xz
All-mix86,AllMix,/mnt/galactica/rahbera/tracezoo/champsim/ml/biogpt.cpp-ggml-model-tocilizumab.4.champsimtrace.gz,/mnt/galactica/google-dpc4/gtrace_v2_champsim_1.3Binstr/yankee/yankee_0007.champsim.gz,/mnt/galactica/rahbera/tracezoo/champsim/gms/gms.k_clique_count_set_based.soc-pokec-relationships.slice-1089.champsimtrace.gz,/mnt/panzer/rahbera/pythia-dev/ChampSim/dpc3_traces/619.lbm_s-2676B.champsimtrace.xz
All-mix87,AllMix,/mnt/galactica/rahbera/tracezoo/champsim/ml/llama2.c-llama2_7b.9.champsimtrace.gz,/mnt/galactica/google-dpc4/gtrace_v2_champsim_1.3Binstr/yankee/yankee_0033.champsim.gz,/mnt/galactica/rahbera/tracezoo/champsim/gms/gms.k_clique_count_set_based.soc-pokec-relationships.slice-953.champsimtrace.gz,/mnt/panzer/rahbera/pythia-dev/ChampSim/dpc3_traces/620.omnetpp_s-141B.champsimtrace.xz
All-mix88,AllMix,/mnt/galactica/rahbera/tracezoo/champsim/ml/llama2.c-llama2_7b.15.champsimtrace.gz,/mnt/galactica/google-dpc4/gtrace_v2_champsim_1.3Binstr/yankee/yankee_0075.champsim.gz,/mnt/galactica/rahbera/tracezoo/champsim/gms/gms.k_clique_list_danisch_edge_parallel.soc-pokec-relationships.slice-80.champsimtrace.gz,/mnt/panzer/rahbera/pythia-dev/ChampSim/dpc3_traces/654.roms_s-1390B.champsimtrace.xz
All-mix89,AllMix,/mnt/galactica/rahbera/tracezoo/champsim/ml/stable-diffusion.cpp-v2-1_768-nonema-pruned.2.champsimtrace.gz,/mnt/galactica/google-dpc4/gtrace_v2_champsim_1.3Binstr/sierra.a.3/sierra.a.3_0004.champsim.gz,/mnt/galactica/rahbera/tracezoo/champsim/gap/bfs-3.trace.gz,/mnt/panzer/rahbera/pythia-dev/ChampSim/dpc3_traces/603.bwaves_s-2931B.champsimtrace.xz
All-mix90,AllMix,/mnt/galactica/rahbera/tracezoo/champsim/ml/stable-diffusion.cpp-sd-v1-4.ckpt.4.champsimtrace.gz,/mnt/galactica/google-dpc4/gtrace_v2_champsim_1.3Binstr/sierra.a.4/sierra.a.4_0000.champsim.gz,/mnt/galactica/rahbera/tracezoo/champsim/gap/bfs-14.trace.gz,/mnt/panzer/rahbera/pythia-dev/ChampSim/dpc3_traces/602.gcc_s-1850B.champsimtrace.xz
All-mix91,AllMix,/mnt/galactica/rahbera/tracezoo/champsim/ml/llama2.c-stories15M.3.champsimtrace.gz,/mnt/galactica/google-dpc4/gtrace_v2_champsim_1.3Binstr/merced/merced_0031.champsim.gz,/mnt/galactica/rahbera/tracezoo/champsim/gms/gms.k_clique_list_danisch_edge_parallel.soc-pokec-relationships.slice-80.champsimtrace.gz,/mnt/panzer/rahbera/pythia-dev/ChampSim/dpc3_traces/605.mcf_s-1644B.champsimtrace.xz
All-mix92,AllMix,/mnt/galactica/rahbera/tracezoo/champsim/ml/stable-diffusion.cpp-v1-5-pruned-emaonly.1.champsimtrace.gz,/mnt/galactica/google-dpc4/gtrace_v2_champsim_1.3Binstr/yankee/yankee_0006.champsim.gz,/mnt/galactica/rahbera/tracezoo/champsim/gms/gms.subgraphiso_vf2_sequential.soc-pokec-relationships.slice-6.champsimtrace.gz,/mnt/panzer/rahbera/pythia-dev/ChampSim/dpc3_traces/654.roms_s-523B.champsimtrace.xz
All-mix93,AllMix,/mnt/galactica/rahbera/tracezoo/champsim/ml/bark.cpp-bark-small.coarse_token_gen.2.champsimtrace.gz,/mnt/galactica/google-dpc4/gtrace_v2_champsim_1.3Binstr/merced/merced_0022.champsim.gz,/mnt/galactica/rahbera/tracezoo/champsim/gap/cc-14.trace.gz,/mnt/panzer/rahbera/pythia-dev/ChampSim/dpc3_traces/605.mcf_s-1554B.champsimtrace.xz
All-mix94,AllMix,/mnt/galactica/rahbera/tracezoo/champsim/ml/vit.cpp-large-ggml-model-f16.gguf.armadillo.2.champsimtrace.gz,/mnt/galactica/google-dpc4/gtrace_v2_champsim_1.3Binstr/charlie/charlie_0009.champsim.gz,/mnt/galactica/rahbera/tracezoo/champsim/gms/gms.k_clique_star_list.soc-pokec-relationships.slice-696.champsimtrace.gz,/mnt/panzer/rahbera/pythia-dev/ChampSim/dpc3_traces/654.roms_s-523B.champsimtrace.xz
All-mix95,AllMix,/mnt/galactica/rahbera/tracezoo/champsim/ml/clip_trace_3.champsimtrace.gz,/mnt/galactica/google-dpc4/gtrace_v2_champsim_1.3Binstr/tahoe/tahoe_0037.champsim.gz,/mnt/galactica/rahbera/tracezoo/champsim/gap/sssp-14.trace.gz,/mnt/panzer/rahbera/pythia-dev/ChampSim/dpc3_traces/602.gcc_s-734B.champsimtrace.xz
All-mix96,AllMix,/mnt/galactica/rahbera/tracezoo/champsim/ml/llama2.c-stories110M.3.champsimtrace.gz,/mnt/galactica/google-dpc4/gtrace_v2_champsim_1.3Binstr/tahoe/tahoe_0003.champsim.gz,/mnt/galactica/rahbera/tracezoo/champsim/gap/bfs-14.trace.gz,/mnt/panzer/rahbera/pythia-dev/ChampSim/dpc3_traces/620.omnetpp_s-874B.champsimtrace.xz
All-mix97,AllMix,/mnt/galactica/rahbera/tracezoo/champsim/ml/llama2.c-llama2_7b.15.champsimtrace.gz,/mnt/galactica/google-dpc4/gtrace_v2_champsim_1.3Binstr/yankee/yankee_0073.champsim.gz,/mnt/galactica/rahbera/tracezoo/champsim/gms/gms.k_clique_list_danisch_edge_parallel.soc-pokec-relationships.slice-756.champsimtrace.gz,/mnt/panzer/rahbera/pythia-dev/ChampSim/dpc3_traces/603.bwaves_s-891B.champsimtrace.xz
All-mix98,AllMix,/mnt/galactica/rahbera/tracezoo/champsim/ml/llama2.c-stories42M.3.champsimtrace.gz,/mnt/galactica/google-dpc4/gtrace_v2_champsim_1.3Binstr/yankee/yankee_0010.champsim.gz,/mnt/galactica/rahbera/tracezoo/champsim/gms/gms.subgraphiso_vf2_sequential.soc-pokec-relationships.slice-21.champsimtrace.gz,/mnt/panzer/rahbera/pythia-dev/ChampSim/dpc3_traces/605.mcf_s-1554B.champsimtrace.xz
All-mix99,AllMix,/mnt/galactica/rahbera/tracezoo/champsim/ml/llama2.c-llama2_7b.3.champsimtrace.gz,/mnt/galactica/google-dpc4/gtrace_v2_champsim_1.3Binstr/merced/merced_0048.champsim.gz,/mnt/galactica/rahbera/tracezoo/champsim/gms/gms.k_clique_count_set_based.soc-pokec-relationships.slice-473.champsimtrace.gz,/mnt/panzer/rahbera/pythia-dev/ChampSim/dpc3_traces/649.fotonik3d_s-10881B.champsimtrace.xz
